Datetime,Mission ID,Mission,Mission Attempt,Doll Type,Doll Name,Doll Rarity,Doll Core,Equip Type,Equip Name,Equip Rarity
2024-05-28 15:02:44,128,Old Friend,631,SMG,MP40,2,0,,,
2024-05-28 15:03:16,128,Old Friend,631,HG,P08,3,1,,,
2024-05-28 15:03:43,128,Old Friend,631,SMG,m45,2,0,,,
2024-05-28 15:04:14,128,Old Friend,631,RF,G43,2,0,,,
2024-05-28 15:04:31,128,Old Friend,631,MG,M60,4,3,,,
2024-05-28 15:34:45,128,Old Friend,632,MG,Bren,3,1,,,
2024-05-28 15:35:13,128,Old Friend,632,AR,L85A1,2,0,,,
2024-05-28 15:36:04,128,Old Friend,632,RF,SVT-38,2,0,,,
2024-05-28 15:36:34,128,Old Friend,632,RF,SVT-38,2,0,,,
2024-05-28 15:36:50,128,Old Friend,632,SMG,m45,2,0,,,
2024-05-28 15:42:16,128,Old Friend,633,HG,MP-446,2,0,,,
2024-05-28 15:42:41,128,Old Friend,633,SMG,m45,2,0,,,
2024-05-28 15:43:33,128,Old Friend,633,RF,G43,2,0,,,
2024-05-28 15:44:04,128,Old Friend,633,RF,VM59,2,0,,,
2024-05-28 15:44:20,128,Old Friend,633,RF,VM59,2,0,,,
2024-05-28 15:49:30,128,Old Friend,634,HG,PPK,2,0,,,
2024-05-28 15:49:58,128,Old Friend,634,RF,SVT-38,2,0,,,
2024-05-28 15:50:52,128,Old Friend,634,MG,FG42,2,0,,,
2024-05-28 15:51:21,128,Old Friend,634,HG,Gr USPCompact,2,0,,,
2024-05-28 15:51:39,128,Old Friend,634,AR,Type63,2,0,,,
2024-05-28 15:54:04,128,Old Friend,635,HG,PPK,2,0,,,
2024-05-28 15:54:33,128,Old Friend,635,SMG,IDW,2,0,,,
2024-05-28 15:55:02,128,Old Friend,635,AR,SIG-510,2,0,,,
2024-05-28 15:55:35,128,Old Friend,635,RF,VM59,2,0,,,
2024-05-28 15:56:07,128,Old Friend,635,MG,DP28,2,0,,,
2024-05-28 15:56:25,128,Old Friend,635,AR,Type63,2,0,,,
2024-05-28 17:06:09,11518,Ceaseless Mockery EX,98,SMG,PP-2000,2,0,,,
2024-05-28 17:06:46,11518,Ceaseless Mockery EX,98,RF,SKS,2,0,,,
2024-05-28 17:07:20,11518,Ceaseless Mockery EX,98,SMG,Type64,2,0,,,
2024-05-28 17:07:54,11518,Ceaseless Mockery EX,98,MG,MG34,2,0,,,
2024-05-28 17:07:54,11518,Ceaseless Mockery EX,98,RF,SKS,2,0,,,
2024-05-28 17:09:41,11518,Ceaseless Mockery EX,99,HG,FF FNP9,2,0,,,
2024-05-28 17:10:16,11518,Ceaseless Mockery EX,99,MG,AAT-52,2,0,,,
2024-05-28 17:10:52,11518,Ceaseless Mockery EX,99,HG,Bren Ten,2,0,,,
2024-05-28 17:11:30,11518,Ceaseless Mockery EX,99,HG,P38,2,0,,,
2024-05-28 17:11:30,11518,Ceaseless Mockery EX,99,SMG,M38,2,0,,,
2024-05-28 17:12:53,11518,Ceaseless Mockery EX,100,RF,SKS,2,0,,,
2024-05-28 17:13:31,11518,Ceaseless Mockery EX,100,SMG,Type64,2,0,,,
2024-05-28 17:14:06,11518,Ceaseless Mockery EX,100,SMG,PP-2000,2,0,,,
2024-05-28 17:14:43,11518,Ceaseless Mockery EX,100,MG,MG34,2,0,,,
2024-05-28 17:14:43,11518,Ceaseless Mockery EX,100,HG,Bren Ten,2,0,,,
2024-05-28 17:29:26,128,Old Friend,636,RF,SVT-38,2,0,,,
2024-05-28 17:29:54,128,Old Friend,636,HG,M1895,2,0,,,
2024-05-28 17:30:46,128,Old Friend,636,HG,M1895,2,0,,,
2024-05-28 17:31:15,128,Old Friend,636,AR,Type63,2,0,,,
2024-05-28 17:31:31,128,Old Friend,636,SMG,Type64,2,0,,,
2024-05-28 17:32:57,128,Old Friend,637,SMG,IDW,2,0,,,
2024-05-28 17:33:24,128,Old Friend,637,SMG,PPSh-41,2,0,,,
2024-05-28 17:33:53,128,Old Friend,637,SMG,m45,2,0,,,
2024-05-28 17:34:21,128,Old Friend,637,RF,G43,2,0,,,
2024-05-28 17:34:52,128,Old Friend,637,HG,Gr USPCompact,2,0,,,
2024-05-28 17:35:08,128,Old Friend,637,HG,PPK,2,0,,,
2024-05-28 17:36:50,128,Old Friend,638,AR,L85A1,2,0,,,
2024-05-28 17:37:17,128,Old Friend,638,RF,SVT-38,2,0,,,
2024-05-28 17:37:45,128,Old Friend,638,SMG,m45,2,0,,,
2024-05-28 17:38:13,128,Old Friend,638,SMG,IDW,2,0,,,
2024-05-28 17:38:44,128,Old Friend,638,SMG,MP40,2,0,,,
2024-05-28 17:38:56,128,Old Friend,638,MG,Bren,3,1,,,
2024-05-28 17:44:31,128,Old Friend,639,MG,Bren,3,1,,,
2024-05-28 17:45:23,128,Old Friend,639,RF,G43,2,0,,,
2024-05-28 17:45:53,128,Old Friend,639,HG,M1895,2,0,,,
2024-05-28 17:46:09,128,Old Friend,639,MG,FG42,2,0,,,
2024-05-28 17:48:13,128,Old Friend,640,AR,SIG-510,2,0,,,
2024-05-28 17:48:41,128,Old Friend,640,SMG,MP40,2,0,,,
2024-05-28 17:49:10,128,Old Friend,640,MG,Bren,3,1,,,
2024-05-28 17:49:40,128,Old Friend,640,HG,PPK,2,0,,,
2024-05-28 17:49:57,128,Old Friend,640,RF,VM59,2,0,,,
2024-05-28 17:51:20,128,Old Friend,641,AR,L85A1,2,0,,,
2024-05-28 17:51:47,128,Old Friend,641,RF,SVT-38,2,0,,,
2024-05-28 17:52:40,128,Old Friend,641,MG,DP28,2,0,,,
2024-05-28 17:53:11,128,Old Friend,641,SMG,m45,2,0,,,
2024-05-28 17:53:27,128,Old Friend,641,SMG,IDW,2,0,,,
2024-05-28 18:17:08,128,Old Friend,642,SMG,IDW,2,0,,,
2024-05-28 18:17:36,128,Old Friend,642,RF,SV-98,3,1,,,
2024-05-28 18:18:29,128,Old Friend,642,SMG,m45,2,0,,,
2024-05-28 18:19:00,128,Old Friend,642,SMG,MP40,2,0,,,
2024-05-28 18:19:15,128,Old Friend,642,HG,MP-446,2,0,,,
2024-05-28 18:24:23,128,Old Friend,643,RF,G43,2,0,,,
2024-05-28 18:24:49,128,Old Friend,643,SMG,Type64,2,0,,,
2024-05-28 18:25:19,128,Old Friend,643,SMG,IDW,2,0,,,
2024-05-28 18:25:46,128,Old Friend,643,SMG,PPSh-41,2,0,,,
2024-05-28 18:26:14,128,Old Friend,643,RF,G43,2,0,,,
2024-05-28 18:26:30,128,Old Friend,643,SMG,IDW,2,0,,,
2024-05-28 18:27:56,128,Old Friend,644,SMG,PPSh-41,2,0,,,
2024-05-28 18:28:23,128,Old Friend,644,SMG,PPS-43,3,1,,,
2024-05-28 18:28:50,128,Old Friend,644,RF,SVT-38,2,0,,,
2024-05-28 18:29:19,128,Old Friend,644,HG,PPK,2,0,,,
2024-05-28 18:29:44,128,Old Friend,644,HG,Gr USPCompact,2,0,,,
2024-05-28 18:29:59,128,Old Friend,644,SMG,m45,2,0,,,
2024-05-28 18:32:49,128,Old Friend,645,RF,VM59,2,0,,,
2024-05-28 18:33:17,128,Old Friend,645,MG,FG42,2,0,,,
2024-05-28 18:33:53,128,Old Friend,645,SMG,MP40,2,0,,,
2024-05-28 18:34:29,128,Old Friend,645,RF,SVT-38,2,0,,,
2024-05-28 18:35:16,128,Old Friend,645,AR,L85A1,2,0,,,
2024-05-28 18:35:35,128,Old Friend,645,RF,VM59,2,0,,,
2024-05-28 19:03:49,10525,Ghost Sisters  ∞,2,MG,MG34,2,0,,,
2024-05-28 19:04:45,10525,Ghost Sisters  ∞,2,SMG,PP-2000,2,0,,,
2024-05-28 19:11:33,10525,Ghost Sisters  ∞,3,AR,Galil,2,0,,,
2024-05-28 19:13:30,10525,Ghost Sisters  ∞,3,AR,Gr G3,2,0,,,
2024-05-28 19:15:22,10525,Ghost Sisters  ∞,3,MG,AAT-52,2,0,,,
2024-05-28 19:15:50,10525,Ghost Sisters  ∞,3,HG,Bren Ten,2,0,,,
2024-05-28 19:16:12,10525,Ghost Sisters  ∞,3,RF,M14,3,1,,,
2024-05-28 19:18:53,10525,Ghost Sisters  ∞,4,AR,FF F2000,2,0,,,
2024-05-28 19:20:22,10525,Ghost Sisters  ∞,4,AR,Galil,2,0,,,
2024-05-28 19:20:53,10525,Ghost Sisters  ∞,4,AR,Galil,2,0,,,
2024-05-28 19:24:55,10525,Ghost Sisters  ∞,5,AR,Galil,2,0,,,
2024-05-28 19:25:46,10525,Ghost Sisters  ∞,5,AR,FF F2000,2,0,,,
2024-05-28 19:26:09,10525,Ghost Sisters  ∞,5,AR,Galil,2,0,,,
2024-05-28 19:27:05,10525,Ghost Sisters  ∞,5,SMG,M3,2,0,,,
2024-05-28 19:27:25,10525,Ghost Sisters  ∞,5,MG,AAT-52,2,0,,,
2024-05-28 19:30:05,10525,Ghost Sisters  ∞,6,MG,MG42,3,1,,,
2024-05-28 19:30:57,10525,Ghost Sisters  ∞,6,HG,P38,2,0,,,
2024-05-28 19:31:25,10525,Ghost Sisters  ∞,6,MG,LWMMG,2,0,,,
2024-05-28 19:31:51,10525,Ghost Sisters  ∞,6,MG,LWMMG,2,0,,,
2024-05-28 19:32:19,10525,Ghost Sisters  ∞,6,HG,P38,2,0,,,
2024-05-28 19:32:34,10525,Ghost Sisters  ∞,6,MG,AAT-52,2,0,,,
2024-05-28 19:34:27,10525,Ghost Sisters  ∞,7,HG,M1911,2,0,,,
2024-05-28 19:34:59,10525,Ghost Sisters  ∞,7,HG,P38,2,0,,,
2024-05-28 19:35:48,10525,Ghost Sisters  ∞,7,HG,M1911,2,0,,,
2024-05-28 19:36:17,10525,Ghost Sisters  ∞,7,AR,FF F2000,2,0,,,
2024-05-28 19:36:51,10525,Ghost Sisters  ∞,7,HG,P38,2,0,,,
2024-05-28 19:37:22,10525,Ghost Sisters  ∞,7,MG,LWMMG,2,0,,,
2024-05-28 19:37:56,10525,Ghost Sisters  ∞,7,HG,Bren Ten,2,0,,,
2024-05-28 19:40:17,10525,Ghost Sisters  ∞,8,MG,LWMMG,2,0,,,
2024-05-28 19:40:42,10525,Ghost Sisters  ∞,8,MG,AAT-52,2,0,,,
2024-05-28 19:41:08,10525,Ghost Sisters  ∞,8,AR,Gr G3,2,0,,,
2024-05-28 19:41:58,10525,Ghost Sisters  ∞,8,RF,SKS,2,0,,,
2024-05-28 19:42:25,10525,Ghost Sisters  ∞,8,SMG,Type64,2,0,,,
2024-05-28 19:42:56,10525,Ghost Sisters  ∞,8,AR,FF F2000,2,0,,,
2024-05-28 19:43:24,10525,Ghost Sisters  ∞,8,SMG,M38,2,0,,,
2024-05-28 19:43:58,10525,Ghost Sisters  ∞,8,SMG,Type64,2,0,,,
2024-05-28 19:44:41,10525,Ghost Sisters  ∞,9,HG,Bren Ten,2,0,,,
2024-05-28 19:46:11,10525,Ghost Sisters  ∞,9,HG,Bren Ten,2,0,,,
2024-05-28 19:47:02,10525,Ghost Sisters  ∞,9,RF,FF FN49,2,0,,,
2024-05-28 19:47:29,10525,Ghost Sisters  ∞,9,SMG,Spectre M4,2,0,,,
2024-05-28 19:47:47,10525,Ghost Sisters  ∞,9,MG,MG34,2,0,,,
2024-05-28 19:50:03,10525,Ghost Sisters  ∞,10,HG,FF FNP9,2,0,,,
2024-05-28 19:50:51,10525,Ghost Sisters  ∞,10,RF,SKS,2,0,,,
2024-05-28 19:51:20,10525,Ghost Sisters  ∞,10,SMG,Micro Uzi,3,1,,,
2024-05-28 19:51:52,10525,Ghost Sisters  ∞,10,SMG,Type64,2,0,,,
2024-05-28 19:52:21,10525,Ghost Sisters  ∞,10,RF,FF FN49,2,0,,,
2024-05-28 19:52:41,10525,Ghost Sisters  ∞,10,SMG,Spectre M4,2,0,,,
2024-05-28 19:54:05,10525,Ghost Sisters  ∞,11,SMG,PP-2000,2,0,,,
2024-05-28 19:54:30,10525,Ghost Sisters  ∞,11,SMG,M3,2,0,,,
2024-05-28 19:54:58,10525,Ghost Sisters  ∞,11,MG,MG34,2,0,,,
2024-05-28 19:56:05,10525,Ghost Sisters  ∞,11,SMG,PP-2000,2,0,,,
2024-05-28 19:57:14,10525,Ghost Sisters  ∞,11,AR,FF F2000,2,0,,,
2024-05-28 19:57:48,10525,Ghost Sisters  ∞,11,MG,LWMMG,2,0,,,
2024-05-28 19:58:12,10525,Ghost Sisters  ∞,11,MG,MG34,2,0,,,
2024-05-28 20:01:02,10525,Ghost Sisters  ∞,12,MG,MG34,2,0,,,
2024-05-28 20:01:31,10525,Ghost Sisters  ∞,12,MG,MG34,2,0,,,
2024-05-28 20:02:01,10525,Ghost Sisters  ∞,12,MG,AAT-52,2,0,,,
2024-05-28 20:02:55,10525,Ghost Sisters  ∞,12,SMG,PP-2000,2,0,,,
2024-05-28 20:03:49,10525,Ghost Sisters  ∞,12,HG,Makarov,3,1,,,
2024-05-28 20:04:23,10525,Ghost Sisters  ∞,12,SMG,Type64,2,0,,,
2024-05-28 20:04:42,10525,Ghost Sisters  ∞,12,SMG,M3,2,0,,,
2024-05-28 20:06:14,10525,Ghost Sisters  ∞,13,AR,FF F2000,2,0,,,
2024-05-28 20:07:59,10525,Ghost Sisters  ∞,13,SMG,PP-2000,2,0,,,
2024-05-28 20:24:24,10525,Ghost Sisters  ∞,13,HG,P38,2,0,,,
2024-05-28 20:24:42,10525,Ghost Sisters  ∞,13,SMG,M38,2,0,,,
2024-05-28 20:25:48,10525,Ghost Sisters  ∞,14,RF,SKS,2,0,,,
2024-05-28 20:27:17,10525,Ghost Sisters  ∞,14,MG,LWMMG,2,0,,,
2024-05-28 20:27:43,10525,Ghost Sisters  ∞,14,RF,FF FN49,2,0,,,
2024-05-28 20:28:11,10525,Ghost Sisters  ∞,14,HG,P38,2,0,,,
2024-05-28 20:28:36,10525,Ghost Sisters  ∞,14,HG,P38,2,0,,,
2024-05-28 20:29:09,10525,Ghost Sisters  ∞,14,SMG,PP-2000,2,0,,,
2024-05-28 20:31:00,10525,Ghost Sisters  ∞,15,SMG,Spectre M4,2,0,,,
2024-05-28 20:32:26,10525,Ghost Sisters  ∞,15,MG,AAT-52,2,0,,,
2024-05-28 20:32:50,10525,Ghost Sisters  ∞,15,SMG,PP-2000,2,0,,,
2024-05-28 20:33:43,10525,Ghost Sisters  ∞,15,AR,Galil,2,0,,,
2024-05-28 20:33:55,10525,Ghost Sisters  ∞,15,RF,FF FN49,2,0,,,
2024-05-28 20:35:40,10525,Ghost Sisters  ∞,16,SMG,M3,2,0,,,
2024-05-28 20:36:48,10525,Ghost Sisters  ∞,16,SMG,Spectre M4,2,0,,,
2024-05-28 20:37:49,10525,Ghost Sisters  ∞,16,RF,FF FN49,2,0,,,
2024-05-28 20:38:54,10525,Ghost Sisters  ∞,17,MG,LWMMG,2,0,,,
2024-05-28 20:39:19,10525,Ghost Sisters  ∞,17,SMG,Spectre M4,2,0,,,
2024-05-28 20:39:45,10525,Ghost Sisters  ∞,17,SMG,M38,2,0,,,
2024-05-28 20:40:30,10525,Ghost Sisters  ∞,17,HG,FF FNP9,2,0,,,
2024-05-28 20:40:56,10525,Ghost Sisters  ∞,17,MG,LWMMG,2,0,,,
2024-05-28 20:41:25,10525,Ghost Sisters  ∞,17,SMG,M3,2,0,,,
2024-05-28 20:42:03,10525,Ghost Sisters  ∞,17,HG,Bren Ten,2,0,,,
2024-05-28 20:45:58,10525,Ghost Sisters  ∞,18,MG,AAT-52,2,0,,,
2024-05-28 20:48:03,10525,Ghost Sisters  ∞,18,SMG,PP-2000,2,0,,,
2024-05-28 20:48:28,10525,Ghost Sisters  ∞,18,SMG,M38,2,0,,,
2024-05-28 20:48:48,10525,Ghost Sisters  ∞,18,SMG,M3,2,0,,,
2024-05-28 20:50:10,10525,Ghost Sisters  ∞,19,SMG,Type64,2,0,,,
2024-05-28 20:50:33,10525,Ghost Sisters  ∞,19,MG,MG34,2,0,,,
2024-05-28 20:51:00,10525,Ghost Sisters  ∞,19,MG,LWMMG,2,0,,,
2024-05-28 20:51:33,10525,Ghost Sisters  ∞,19,AR,Galil,2,0,,,
2024-05-28 20:51:48,10525,Ghost Sisters  ∞,19,SMG,M38,2,0,,,
2024-05-28 20:53:09,10525,Ghost Sisters  ∞,20,HG,M1911,2,0,,,
2024-05-28 20:53:34,10525,Ghost Sisters  ∞,20,RF,FF FN49,2,0,,,
2024-05-28 20:53:59,10525,Ghost Sisters  ∞,20,SMG,M38,2,0,,,
2024-05-28 20:54:27,10525,Ghost Sisters  ∞,20,MG,MG34,2,0,,,
2024-05-28 20:54:42,10525,Ghost Sisters  ∞,20,AR,Gr G3,2,0,,,
2024-05-28 20:56:34,10525,Ghost Sisters  ∞,21,HG,P38,2,0,,,
2024-05-28 20:57:40,10525,Ghost Sisters  ∞,21,HG,Bren Ten,2,0,,,
2024-05-28 20:58:06,10525,Ghost Sisters  ∞,21,AR,Gr G3,2,0,,,
2024-05-28 20:59:02,10525,Ghost Sisters  ∞,21,HG,Makarov,3,1,,,
2024-05-28 20:59:18,10525,Ghost Sisters  ∞,21,HG,Bren Ten,2,0,,,
2024-05-28 21:00:22,10525,Ghost Sisters  ∞,22,SMG,M38,2,0,,,
2024-05-28 21:00:47,10525,Ghost Sisters  ∞,22,AR,Gr G3,2,0,,,
2024-05-28 21:01:34,10525,Ghost Sisters  ∞,22,HG,FF FNP9,2,0,,,
2024-05-28 21:02:07,10525,Ghost Sisters  ∞,22,SMG,M38,2,0,,,
2024-05-28 21:03:02,10525,Ghost Sisters  ∞,22,MG,MG34,2,0,,,
2024-05-28 21:03:17,10525,Ghost Sisters  ∞,22,HG,P38,2,0,,,
2024-05-28 21:07:32,10525,Ghost Sisters  ∞,23,MG,LWMMG,2,0,,,
2024-05-28 21:08:01,10525,Ghost Sisters  ∞,23,RF,SKS,2,0,,,
2024-05-28 21:33:46,10525,Ghost Sisters  ∞,24,AR,Gr G3,2,0,,,
2024-05-28 21:34:13,10525,Ghost Sisters  ∞,24,AR,Gr G3,2,0,,,
2024-05-28 22:06:31,10525,Ghost Sisters  ∞,27,MG,LWMMG,2,0,,,
2024-05-28 22:07:29,10525,Ghost Sisters  ∞,27,RF,FF FN49,2,0,,,
2024-05-28 22:08:35,10525,Ghost Sisters  ∞,27,SMG,M3,2,0,,,
2024-05-28 22:09:05,10525,Ghost Sisters  ∞,27,RF,General Liu,5,5,,,
2024-05-28 22:09:30,10525,Ghost Sisters  ∞,27,HG,C96,3,1,,,
2024-05-28 23:12:09,10118,Darkest Desire,3,HG,Gr USPCompact,2,0,,,
2024-05-28 23:13:44,10118,Darkest Desire,3,RF,M1 Garand,3,1,,,
2024-05-28 23:15:31,10118,Darkest Desire,3,SMG,MP40,2,0,,,
2024-05-28 23:16:43,10118,Darkest Desire,3,SMG,Type64,2,0,,,
2024-05-28 23:18:45,10118,Darkest Desire,3,AR,Type63,2,0,,,
2024-05-28 23:19:15,10118,Darkest Desire,3,SMG,IDW,2,0,,,
2024-05-28 23:21:09,10118,Darkest Desire,4,RF,VM59,2,0,,,
2024-05-28 23:22:27,10118,Darkest Desire,4,SMG,m45,2,0,,,
2024-05-28 23:23:01,10118,Darkest Desire,4,SMG,PPSh-41,2,0,,,
2024-05-28 23:24:19,10118,Darkest Desire,4,SMG,MP40,2,0,,,
2024-05-28 23:24:48,10118,Darkest Desire,4,SMG,OTs-39,3,1,,,
2024-05-28 23:26:34,10118,Darkest Desire,5,SMG,MP40,2,0,,,
2024-05-28 23:27:07,10118,Darkest Desire,5,RF,SVT-38,2,0,,,
2024-05-28 23:28:29,10118,Darkest Desire,5,RF,VM59,2,0,,,
2024-05-28 23:29:49,10118,Darkest Desire,5,HG,Gr USPCompact,2,0,,,
2024-05-28 23:30:29,10118,Darkest Desire,5,SMG,MP40,2,0,,,
2024-05-28 23:41:21,10118,Darkest Desire,6,SMG,IDW,2,0,,,
2024-05-28 23:42:07,10118,Darkest Desire,6,SMG,PPSh-41,2,0,,,
2024-05-28 23:43:48,10118,Darkest Desire,6,SMG,IDW,2,0,,,
2024-05-28 23:44:57,10118,Darkest Desire,6,SMG,m45,2,0,,,
2024-05-28 23:45:36,10118,Darkest Desire,6,AR,L85A1,2,0,,,
2024-05-28 23:46:42,10118,Darkest Desire,6,HG,M1895,2,0,,,
2024-05-28 23:47:30,10118,Darkest Desire,6,HG,M1895,2,0,,,
2024-05-28 23:48:02,10118,Darkest Desire,6,SMG,MP40,2,0,,,
2024-05-28 23:50:25,10118,Darkest Desire,7,HG,Gr USPCompact,2,0,,,
2024-05-29 00:54:45,10118,Darkest Desire,13,HG,PPK,2,0,,,
2024-05-29 00:55:18,10118,Darkest Desire,13,SMG,Type64,2,0,,,
2024-05-29 00:56:39,10118,Darkest Desire,13,AR,Type63,2,0,,,
2024-05-29 00:57:54,10118,Darkest Desire,13,RF,SVT-38,2,0,,,
2024-05-29 00:58:32,10118,Darkest Desire,13,MG,DP28,2,0,,,
2024-05-29 01:01:49,10118,Darkest Desire,14,AR,Type63,2,0,,,
2024-05-29 01:02:35,10118,Darkest Desire,14,HG,M1895,2,0,,,
2024-05-29 01:03:16,10118,Darkest Desire,14,RF,M1 Garand,3,1,,,
2024-05-29 01:04:33,10118,Darkest Desire,14,HG,MP-446,2,0,,,
2024-05-29 01:05:11,10118,Darkest Desire,14,MG,DP28,2,0,,,
2024-05-29 01:05:40,10118,Darkest Desire,14,SMG,IDW,2,0,,,
2024-05-29 01:06:50,10118,Darkest Desire,15,HG,PPK,2,0,,,
2024-05-29 01:08:03,10118,Darkest Desire,15,SMG,Type64,2,0,,,
2024-05-29 01:08:43,10118,Darkest Desire,15,RF,VM59,2,0,,,
2024-05-29 01:09:15,10118,Darkest Desire,15,MG,DP28,2,0,,,
2024-05-29 01:10:02,10118,Darkest Desire,15,AR,SIG-510,2,0,,,
2024-05-29 01:10:41,10118,Darkest Desire,15,MG,DP28,2,0,,,
2024-05-29 01:11:10,10118,Darkest Desire,15,HG,MP-446,2,0,,,
2024-05-29 01:43:56,10118,Darkest Desire,16,SMG,IDW,2,0,,,
2024-05-29 01:44:30,10118,Darkest Desire,16,AR,Type63,2,0,,,
2024-05-29 01:45:17,10118,Darkest Desire,16,SMG,MP40,2,0,,,
2024-05-29 01:45:57,10118,Darkest Desire,16,HG,PPK,2,0,,,
2024-05-29 01:47:48,10118,Darkest Desire,16,SMG,IDW,2,0,,,
2024-05-29 01:48:18,10118,Darkest Desire,16,SMG,PPSh-41,2,0,,,
2024-05-29 03:02:49,10118,Darkest Desire,17,RF,G43,2,0,,,
2024-05-29 03:03:45,10118,Darkest Desire,17,RF,SVT-38,2,0,,,
2024-05-29 03:04:43,10118,Darkest Desire,17,HG,PPK,2,0,,,
2024-05-29 03:05:17,10118,Darkest Desire,17,SMG,Type64,2,0,,,
2024-05-29 03:06:05,10118,Darkest Desire,17,AR,SIG-510,2,0,,,
2024-05-29 03:06:43,10118,Darkest Desire,17,AR,L85A1,2,0,,,
2024-05-29 03:18:10,10118,Darkest Desire,18,SMG,m45,2,0,,,
2024-05-29 03:18:58,10118,Darkest Desire,18,AR,Type63,2,0,,,
2024-05-29 03:20:40,10118,Darkest Desire,18,HG,PPK,2,0,,,
2024-05-29 03:21:45,10118,Darkest Desire,18,HG,Gr USPCompact,2,0,,,
2024-05-29 03:23:08,10118,Darkest Desire,18,RF,G43,2,0,,,
2024-05-29 03:23:36,10118,Darkest Desire,18,HG,M1895,2,0,,,
2024-05-29 03:36:19,128,Old Friend,647,RF,G43,2,0,,,
2024-05-29 03:36:49,128,Old Friend,647,SMG,MP40,2,0,,,
2024-05-29 03:37:17,128,Old Friend,647,SMG,Type64,2,0,,,
2024-05-29 03:37:49,128,Old Friend,647,SMG,IDW,2,0,,,
2024-05-29 03:38:05,128,Old Friend,647,HG,P08,3,1,,,
2024-05-29 03:39:42,128,Old Friend,648,RF,SVT-38,2,0,,,
2024-05-29 03:40:09,128,Old Friend,648,HG,Gr USPCompact,2,0,,,
2024-05-29 03:40:34,128,Old Friend,648,AR,L85A1,2,0,,,
2024-05-29 03:41:03,128,Old Friend,648,RF,G43,2,0,,,
2024-05-29 03:41:34,128,Old Friend,648,HG,PPK,2,0,,,
2024-05-29 03:41:50,128,Old Friend,648,HG,MP-446,2,0,,,
2024-05-29 03:43:24,128,Old Friend,649,SMG,MP40,2,0,,,
2024-05-29 03:43:51,128,Old Friend,649,RF,VM59,2,0,,,
2024-05-29 03:44:38,128,Old Friend,649,SMG,m45,2,0,,,
2024-05-29 03:45:10,128,Old Friend,649,HG,Gr USPCompact,2,0,,,
2024-05-29 03:45:23,128,Old Friend,649,SMG,IDW,2,0,,,
2024-05-29 03:47:39,128,Old Friend,650,RF,SVT-38,2,0,,,
2024-05-29 03:48:33,128,Old Friend,650,SMG,m45,2,0,,,
2024-05-29 03:49:04,128,Old Friend,650,MG,DP28,2,0,,,
2024-05-29 03:49:20,128,Old Friend,650,SMG,Type64,2,0,,,
2024-05-29 03:50:49,128,Old Friend,651,HG,Gr USPCompact,2,0,,,
2024-05-29 03:51:16,128,Old Friend,651,RF,G43,2,0,,,
2024-05-29 03:51:46,128,Old Friend,651,SMG,IDW,2,0,,,
2024-05-29 03:52:15,128,Old Friend,651,RF,SVT-38,2,0,,,
2024-05-29 03:52:47,128,Old Friend,651,RF,VM59,2,0,,,
2024-05-29 03:53:03,128,Old Friend,651,HG,MP-446,2,0,,,
2024-05-29 03:54:49,128,Old Friend,652,SMG,Type64,2,0,,,
2024-05-29 03:55:18,128,Old Friend,652,SMG,Type64,2,0,,,
2024-05-29 03:55:47,128,Old Friend,652,AR,L85A1,2,0,,,
2024-05-29 03:56:18,128,Old Friend,652,AR,StG44,3,1,,,
2024-05-29 03:56:33,128,Old Friend,652,MG,M60,4,3,,,
2024-05-29 03:59:19,128,Old Friend,653,SMG,Type64,2,0,,,
2024-05-29 03:59:47,128,Old Friend,653,MG,DP28,2,0,,,
2024-05-29 04:00:40,128,Old Friend,653,SMG,IDW,2,0,,,
2024-05-29 04:01:11,128,Old Friend,653,AR,Type63,2,0,,,
2024-05-29 04:01:28,128,Old Friend,653,HG,Tokarev,3,1,,,
2024-05-29 04:03:34,128,Old Friend,654,RF,SV-98,3,1,,,
2024-05-29 04:04:01,128,Old Friend,654,HG,MP-446,2,0,,,
2024-05-29 04:04:53,128,Old Friend,654,SMG,m45,2,0,,,
2024-05-29 04:05:22,128,Old Friend,654,MG,Bren,3,1,,,
2024-05-29 04:05:35,128,Old Friend,654,HG,MP-446,2,0,,,
2024-05-29 04:07:36,128,Old Friend,655,SMG,Type64,2,0,,,
2024-05-29 04:08:03,128,Old Friend,655,SMG,PPSh-41,2,0,,,
2024-05-29 04:08:54,128,Old Friend,655,SMG,MP40,2,0,,,
2024-05-29 04:09:24,128,Old Friend,655,HG,M1895,2,0,,,
2024-05-29 04:09:41,128,Old Friend,655,HG,MP-446,2,0,,,
2024-05-29 10:36:07,128,Old Friend,656,SMG,m45,2,0,,,
2024-05-29 10:36:37,128,Old Friend,656,AR,SIG-510,2,0,,,
2024-05-29 10:37:07,128,Old Friend,656,RF,G43,2,0,,,
2024-05-29 10:37:39,128,Old Friend,656,HG,MP-446,2,0,,,
2024-05-29 10:37:54,128,Old Friend,656,MG,DP28,2,0,,,
2024-05-29 15:52:26,128,Old Friend,657,SMG,Type64,2,0,,,
2024-05-29 15:52:54,128,Old Friend,657,AR,Type63,2,0,,,
2024-05-29 15:53:23,128,Old Friend,657,HG,Gr USPCompact,2,0,,,
2024-05-29 15:53:51,128,Old Friend,657,SMG,IDW,2,0,,,
2024-05-29 15:54:22,128,Old Friend,657,SMG,m45,2,0,,,
2024-05-29 15:54:39,128,Old Friend,657,SMG,PPSh-41,2,0,,,
2024-05-29 15:56:38,128,Old Friend,658,SMG,IDW,2,0,,,
2024-05-29 15:57:07,128,Old Friend,658,SMG,STEN MkⅡ,3,1,,,
2024-05-29 15:57:34,128,Old Friend,658,SMG,m45,2,0,,,
2024-05-29 15:58:05,128,Old Friend,658,MG,Bren,3,1,,,
2024-05-29 15:58:21,128,Old Friend,658,SMG,IDW,2,0,,,
2024-05-29 16:05:39,128,Old Friend,659,HG,Gr USPCompact,2,0,,,
2024-05-29 16:06:07,128,Old Friend,659,HG,MP-446,2,0,,,
2024-05-29 16:06:37,128,Old Friend,659,AR,SIG-510,2,0,,,
2024-05-29 16:07:05,128,Old Friend,659,RF,SVT-38,2,0,,,
2024-05-29 16:07:36,128,Old Friend,659,SMG,m45,2,0,,,
2024-05-29 16:07:53,128,Old Friend,659,AR,L85A1,2,0,,,
2024-05-29 16:32:43,128,Old Friend,660,HG,Gr USPCompact,2,0,,,
2024-05-29 16:33:10,128,Old Friend,660,RF,G43,2,0,,,
2024-05-29 16:33:41,128,Old Friend,660,RF,G43,2,0,,,
2024-05-29 16:34:11,128,Old Friend,660,RF,VM59,2,0,,,
2024-05-29 16:34:43,128,Old Friend,660,AR,Type63,2,0,,,
2024-05-29 16:34:59,128,Old Friend,660,SMG,m45,2,0,,,
2024-05-29 16:38:26,128,Old Friend,661,AR,L85A1,2,0,,,
2024-05-29 16:38:55,128,Old Friend,661,MG,DP28,2,0,,,
2024-05-29 16:39:23,128,Old Friend,661,AR,SIG-510,2,0,,,
2024-05-29 16:39:53,128,Old Friend,661,MG,Bren,3,1,,,
2024-05-29 16:40:08,128,Old Friend,661,SMG,Type64,2,0,,,
2024-05-29 16:42:27,128,Old Friend,662,AR,Type63,2,0,,,
2024-05-29 16:42:57,128,Old Friend,662,HG,PPK,2,0,,,
2024-05-29 16:43:26,128,Old Friend,662,SMG,MP40,2,0,,,
2024-05-29 16:43:56,128,Old Friend,662,RF,SVT-38,2,0,,,
2024-05-29 16:44:27,128,Old Friend,662,RF,SV-98,3,1,,,
2024-05-29 16:44:44,128,Old Friend,662,SMG,m45,2,0,,,
2024-05-29 16:47:18,128,Old Friend,663,RF,SV-98,3,1,,,
2024-05-29 16:47:47,128,Old Friend,663,AR,SIG-510,2,0,,,
2024-05-29 16:48:16,128,Old Friend,663,HG,MP-446,2,0,,,
2024-05-29 16:48:44,128,Old Friend,663,RF,Mosin-Nagant,4,3,,,
2024-05-29 16:49:15,128,Old Friend,663,HG,M1895,2,0,,,
2024-05-29 16:49:30,128,Old Friend,663,SMG,Type64,2,0,,,
2024-05-29 16:50:48,128,Old Friend,664,RF,SVT-38,2,0,,,
2024-05-29 16:51:12,128,Old Friend,664,HG,Type92,3,1,,,
2024-05-29 16:51:39,128,Old Friend,664,RF,SVT-38,2,0,,,
2024-05-29 16:52:03,128,Old Friend,664,SMG,m45,2,0,,,
2024-05-29 16:52:33,128,Old Friend,664,SMG,MP40,2,0,,,
2024-05-29 16:52:46,128,Old Friend,664,HG,Gr USPCompact,2,0,,,
2024-05-29 17:02:11,128,Old Friend,665,SMG,PPSh-41,2,0,,,
2024-05-29 17:02:39,128,Old Friend,665,SMG,Type64,2,0,,,
2024-05-29 17:03:08,128,Old Friend,665,SMG,MP40,2,0,,,
2024-05-29 17:03:36,128,Old Friend,665,SMG,IDW,2,0,,,
2024-05-29 17:04:07,128,Old Friend,665,HG,Gr USPCompact,2,0,,,
2024-05-29 17:04:23,128,Old Friend,665,RF,SV-98,3,1,,,
2024-05-29 17:06:52,128,Old Friend,666,AR,SIG-510,2,0,,,
2024-05-29 17:07:19,128,Old Friend,666,HG,MP-446,2,0,,,
2024-05-29 17:07:48,128,Old Friend,666,AR,SIG-510,2,0,,,
2024-05-29 17:08:16,128,Old Friend,666,RF,SVT-38,2,0,,,
2024-05-29 17:08:47,128,Old Friend,666,RF,VM59,2,0,,,
2024-05-29 17:09:02,128,Old Friend,666,HG,M1895,2,0,,,
2024-05-29 17:10:19,128,Old Friend,667,AR,L85A1,2,0,,,
2024-05-29 17:10:47,128,Old Friend,667,HG,PPK,2,0,,,
2024-05-29 17:11:16,128,Old Friend,667,RF,G43,2,0,,,
2024-05-29 17:11:45,128,Old Friend,667,SMG,MP40,2,0,,,
2024-05-29 17:12:16,128,Old Friend,667,MG,FG42,2,0,,,
2024-05-29 17:12:30,128,Old Friend,667,HG,Gr USPCompact,2,0,,,
2024-05-29 17:15:04,128,Old Friend,668,HG,Tokarev,3,1,,,
2024-05-29 17:15:32,128,Old Friend,668,AR,L85A1,2,0,,,
2024-05-29 17:16:20,128,Old Friend,668,HG,Gr USPCompact,2,0,,,
2024-05-29 17:16:53,128,Old Friend,668,SMG,Type64,2,0,,,
2024-05-29 17:17:11,128,Old Friend,668,RF,G43,2,0,,,
2024-05-29 17:18:25,128,Old Friend,669,RF,SVT-38,2,0,,,
2024-05-29 17:18:53,128,Old Friend,669,SMG,m45,2,0,,,
2024-05-29 17:19:17,128,Old Friend,669,SMG,Type64,2,0,,,
2024-05-29 17:19:42,128,Old Friend,669,MG,FG42,2,0,,,
2024-05-29 17:20:06,128,Old Friend,669,SMG,MP40,2,0,,,
2024-05-29 17:20:18,128,Old Friend,669,MG,DP28,2,0,,,
2024-05-29 17:21:32,128,Old Friend,670,SMG,m45,2,0,,,
2024-05-29 17:21:55,128,Old Friend,670,SMG,m45,2,0,,,
2024-05-29 17:22:50,128,Old Friend,670,AR,L85A1,2,0,,,
2024-05-29 17:23:15,128,Old Friend,670,RF,SVT-38,2,0,,,
2024-05-29 17:23:25,128,Old Friend,670,SMG,MP40,2,0,,,
2024-05-29 17:25:50,128,Old Friend,671,SMG,m45,2,0,,,
2024-05-29 17:26:42,128,Old Friend,671,HG,Tokarev,3,1,,,
2024-05-29 17:27:13,128,Old Friend,671,MG,Bren,3,1,,,
2024-05-29 17:27:30,128,Old Friend,671,SMG,MP40,2,0,,,
2024-05-29 17:30:24,128,Old Friend,672,SMG,MP40,2,0,,,
2024-05-29 17:30:50,128,Old Friend,672,RF,VM59,2,0,,,
2024-05-29 17:31:38,128,Old Friend,672,SMG,IDW,2,0,,,
2024-05-29 17:32:04,128,Old Friend,672,HG,MP-446,2,0,,,
2024-05-29 17:32:21,128,Old Friend,672,SMG,m45,2,0,,,
2024-05-29 17:34:06,128,Old Friend,673,RF,VM59,2,0,,,
2024-05-29 17:34:35,128,Old Friend,673,SMG,IDW,2,0,,,
2024-05-29 17:35:05,128,Old Friend,673,HG,P7,4,3,,,
2024-05-29 17:35:37,128,Old Friend,673,HG,P7,4,3,,,
2024-05-29 17:35:50,128,Old Friend,673,RF,SVT-38,2,0,,,
2024-05-29 17:38:27,128,Old Friend,674,HG,MP-446,2,0,,,
2024-05-29 17:38:54,128,Old Friend,674,SMG,Type64,2,0,,,
2024-05-29 17:39:22,128,Old Friend,674,MG,DP28,2,0,,,
2024-05-29 17:39:51,128,Old Friend,674,AR,L85A1,2,0,,,
2024-05-29 17:40:21,128,Old Friend,674,RF,G43,2,0,,,
2024-05-29 17:40:37,128,Old Friend,674,SMG,Type64,2,0,,,
2024-05-29 17:45:30,128,Old Friend,675,SMG,IDW,2,0,,,
2024-05-29 17:46:21,128,Old Friend,675,AR,OTs-12,3,1,,,
2024-05-29 17:46:52,128,Old Friend,675,AR,SIG-510,2,0,,,
2024-05-29 17:47:06,128,Old Friend,675,RF,M1 Garand,3,1,,,
2024-05-29 19:12:20,128,Old Friend,676,HG,PPK,2,0,,,
2024-05-29 19:12:49,128,Old Friend,676,AR,L85A1,2,0,,,
2024-05-29 19:13:18,128,Old Friend,676,MG,DP28,2,0,,,
2024-05-29 19:13:47,128,Old Friend,676,RF,SVT-38,2,0,,,
2024-05-29 19:14:17,128,Old Friend,676,HG,PPK,2,0,,,
2024-05-29 19:14:34,128,Old Friend,676,SMG,Type64,2,0,,,
2024-05-29 19:20:14,128,Old Friend,677,SMG,STEN MkⅡ,3,1,,,
2024-05-29 19:20:41,128,Old Friend,677,HG,Type92,3,1,,,
2024-05-29 19:21:10,128,Old Friend,677,AR,L85A1,2,0,,,
2024-05-29 19:21:39,128,Old Friend,677,SMG,MP40,2,0,,,
2024-05-29 19:22:09,128,Old Friend,677,RF,VM59,2,0,,,
2024-05-29 19:22:26,128,Old Friend,677,SMG,IDW,2,0,,,
2024-05-29 19:33:31,128,Old Friend,678,HG,Tokarev,3,1,,,
2024-05-29 19:34:00,128,Old Friend,678,AR,Type63,2,0,,,
2024-05-29 19:34:29,128,Old Friend,678,HG,MP-446,2,0,,,
2024-05-29 19:34:59,128,Old Friend,678,HG,Gr USPCompact,2,0,,,
2024-05-29 19:35:15,128,Old Friend,678,HG,Type92,3,1,,,
2024-05-29 19:41:15,128,Old Friend,679,MG,FG42,2,0,,,
2024-05-29 19:41:44,128,Old Friend,679,HG,Gr USPCompact,2,0,,,
2024-05-29 19:42:12,128,Old Friend,679,HG,M1895,2,0,,,
2024-05-29 19:42:40,128,Old Friend,679,SMG,m45,2,0,,,
2024-05-29 19:42:56,128,Old Friend,679,HG,PPK,2,0,,,
2024-05-29 19:46:26,128,Old Friend,680,SMG,MP40,2,0,,,
2024-05-29 19:46:53,128,Old Friend,680,HG,PPK,2,0,,,
2024-05-29 19:47:23,128,Old Friend,680,RF,VM59,2,0,,,
2024-05-29 19:47:47,128,Old Friend,680,HG,M1895,2,0,,,
2024-05-29 19:48:17,128,Old Friend,680,SMG,IDW,2,0,,,
2024-05-29 19:48:33,128,Old Friend,680,RF,VM59,2,0,,,
2024-05-29 19:51:54,128,Old Friend,681,HG,MP-446,2,0,,,
2024-05-29 19:52:21,128,Old Friend,681,RF,SVT-38,2,0,,,
2024-05-29 19:52:49,128,Old Friend,681,SMG,IDW,2,0,,,
2024-05-29 19:53:17,128,Old Friend,681,RF,SVT-38,2,0,,,
2024-05-29 19:53:47,128,Old Friend,681,SMG,IDW,2,0,,,
2024-05-29 19:54:04,128,Old Friend,681,HG,MP-446,2,0,,,
2024-05-29 19:59:18,128,Old Friend,682,SMG,PPSh-41,2,0,,,
2024-05-29 20:00:19,128,Old Friend,682,MG,FG42,2,0,,,
2024-05-29 20:00:55,128,Old Friend,682,RF,SV-98,3,1,,,
2024-05-29 20:01:15,128,Old Friend,682,HG,MP-446,2,0,,,
2024-05-29 20:10:35,128,Old Friend,683,HG,MP-446,2,0,,,
2024-05-29 20:11:03,128,Old Friend,683,HG,PPK,2,0,,,
2024-05-29 20:11:32,128,Old Friend,683,HG,MP-446,2,0,,,
2024-05-29 20:12:01,128,Old Friend,683,HG,PPK,2,0,,,
2024-05-29 20:12:31,128,Old Friend,683,AR,SIG-510,2,0,,,
2024-05-29 20:12:47,128,Old Friend,683,SMG,STEN MkⅡ,3,1,,,
2024-05-29 20:15:42,128,Old Friend,684,MG,FG42,2,0,,,
2024-05-29 20:16:09,128,Old Friend,684,HG,MP-446,2,0,,,
2024-05-29 20:16:38,128,Old Friend,684,SMG,MP40,2,0,,,
2024-05-29 20:17:05,128,Old Friend,684,AR,SIG-510,2,0,,,
2024-05-29 20:17:36,128,Old Friend,684,HG,M9,3,1,,,
2024-05-29 20:17:52,128,Old Friend,684,RF,G43,2,0,,,
2024-05-29 20:19:23,128,Old Friend,685,RF,SV-98,3,1,,,
2024-05-29 20:19:46,128,Old Friend,685,AR,Type63,2,0,,,
2024-05-29 20:20:08,128,Old Friend,685,AR,SIG-510,2,0,,,
2024-05-29 20:20:37,128,Old Friend,685,HG,Gr USPCompact,2,0,,,
2024-05-29 20:21:12,128,Old Friend,685,RF,SVT-38,2,0,,,
2024-05-29 20:21:29,128,Old Friend,685,RF,M1 Garand,3,1,,,
2024-05-29 20:24:32,128,Old Friend,686,HG,MP-446,2,0,,,
2024-05-29 20:24:56,128,Old Friend,686,HG,MP-446,2,0,,,
2024-05-29 20:25:19,128,Old Friend,686,AR,Type63,2,0,,,
2024-05-29 20:25:46,128,Old Friend,686,HG,Gr USPCompact,2,0,,,
2024-05-29 20:26:13,128,Old Friend,686,SMG,IDW,2,0,,,
2024-05-29 20:26:24,128,Old Friend,686,HG,PPK,2,0,,,
2024-05-29 20:28:16,128,Old Friend,687,MG,DP28,2,0,,,
2024-05-29 20:28:44,128,Old Friend,687,MG,FG42,2,0,,,
2024-05-29 20:29:13,128,Old Friend,687,MG,DP28,2,0,,,
2024-05-29 20:29:45,128,Old Friend,687,SMG,MP40,2,0,,,
2024-05-29 20:30:03,128,Old Friend,687,RF,VM59,2,0,,,
2024-05-29 22:10:31,128,Old Friend,688,SMG,MP40,2,0,,,
2024-05-29 23:22:28,128,Old Friend,688,SMG,IDW,2,0,,,
2024-05-29 23:25:39,128,Old Friend,688,MG,FG42,2,0,,,
2024-05-29 23:26:12,128,Old Friend,688,HG,Gr USPCompact,2,0,,,
2024-05-29 23:26:43,128,Old Friend,688,MG,M1919A4,3,1,,,
2024-05-29 23:27:01,128,Old Friend,688,RF,VM59,2,0,,,
2024-05-30 00:02:25,102,Betrayal II,2,MG,AAT-52,2,0,,,
2024-05-30 03:09:43,128,Old Friend,689,RF,VM59,2,0,,,
2024-05-30 03:10:06,128,Old Friend,689,HG,MP-446,2,0,,,
2024-05-30 03:10:34,128,Old Friend,689,HG,MP-446,2,0,,,
2024-05-30 03:11:02,128,Old Friend,689,AR,Type63,2,0,,,
2024-05-30 03:11:32,128,Old Friend,689,SMG,PPS-43,3,1,,,
2024-05-30 03:11:47,128,Old Friend,689,AR,OTs-12,3,1,,,
2024-05-30 03:13:40,128,Old Friend,690,MG,DP28,2,0,,,
2024-05-30 03:14:07,128,Old Friend,690,SMG,MP40,2,0,,,
2024-05-30 03:14:35,128,Old Friend,690,SMG,MP40,2,0,,,
2024-05-30 03:15:06,128,Old Friend,690,HG,PPK,2,0,,,
2024-05-30 03:15:21,128,Old Friend,690,AR,L85A1,2,0,,,
2024-05-30 03:17:00,128,Old Friend,691,AR,SIG-510,2,0,,,
2024-05-30 03:17:51,128,Old Friend,691,SMG,PPSh-41,2,0,,,
2024-05-30 03:18:20,128,Old Friend,691,MG,DP28,2,0,,,
2024-05-30 03:18:36,128,Old Friend,691,RF,SVT-38,2,0,,,
2024-05-30 13:52:55,128,Old Friend,692,MG,FG42,2,0,,,
2024-05-30 13:53:26,128,Old Friend,692,HG,MP-446,2,0,,,
2024-05-30 13:53:59,128,Old Friend,692,SMG,IDW,2,0,,,
2024-05-30 13:54:30,128,Old Friend,692,RF,SVT-38,2,0,,,
2024-05-30 13:55:01,128,Old Friend,692,HG,PPK,2,0,,,
2024-05-30 13:55:18,128,Old Friend,692,RF,SVT-38,2,0,,,
2024-05-30 14:00:01,128,Old Friend,693,HG,M1895,2,0,,,
2024-05-30 14:00:30,128,Old Friend,693,RF,SVT-38,2,0,,,
2024-05-30 14:01:01,128,Old Friend,693,SMG,m45,2,0,,,
2024-05-30 14:01:30,128,Old Friend,693,AR,StG44,3,1,,,
2024-05-30 14:02:06,128,Old Friend,693,SMG,PPSh-41,2,0,,,
2024-05-30 14:02:22,128,Old Friend,693,AR,Type63,2,0,,,
2024-05-30 15:51:48,128,Old Friend,694,MG,FG42,2,0,,,
2024-05-30 15:52:19,128,Old Friend,694,SMG,PPSh-41,2,0,,,
2024-05-30 15:52:50,128,Old Friend,694,SMG,PPSh-41,2,0,,,
2024-05-30 15:53:23,128,Old Friend,694,AR,Type63,2,0,,,
2024-05-30 15:53:38,128,Old Friend,694,RF,VM59,2,0,,,
2024-05-30 15:57:23,128,Old Friend,695,SMG,Type64,2,0,,,
2024-05-30 15:57:52,128,Old Friend,695,RF,SVT-38,2,0,,,
2024-05-30 15:58:23,128,Old Friend,695,SMG,Type64,2,0,,,
2024-05-30 15:58:53,128,Old Friend,695,SMG,IDW,2,0,,,
2024-05-30 15:59:07,128,Old Friend,695,RF,VM59,2,0,,,
2024-05-30 16:02:22,128,Old Friend,696,RF,G43,2,0,,,
2024-05-30 16:02:52,128,Old Friend,696,HG,P08,3,1,,,
2024-05-30 16:03:21,128,Old Friend,696,HG,MP-446,2,0,,,
2024-05-30 16:03:54,128,Old Friend,696,HG,MP-446,2,0,,,
2024-05-30 16:04:11,128,Old Friend,696,MG,Bren,3,1,,,
2024-05-30 16:05:55,128,Old Friend,697,AR,SIG-510,2,0,,,
2024-05-30 16:06:26,128,Old Friend,697,RF,G43,2,0,,,
2024-05-30 16:06:54,128,Old Friend,697,AR,Type63,2,0,,,
2024-05-30 16:07:29,128,Old Friend,697,RF,G43,2,0,,,
2024-05-30 16:07:46,128,Old Friend,697,RF,G43,2,0,,,
2024-05-30 16:16:52,128,Old Friend,698,HG,M1895,2,0,,,
2024-05-30 16:17:19,128,Old Friend,698,SMG,STEN MkⅡ,3,1,,,
2024-05-30 16:18:18,128,Old Friend,698,RF,SVT-38,2,0,,,
2024-05-30 16:18:51,128,Old Friend,698,AR,Type63,2,0,,,
2024-05-30 16:19:09,128,Old Friend,698,HG,MP-446,2,0,,,
2024-05-30 16:22:21,128,Old Friend,699,HG,PPK,2,0,,,
2024-05-30 16:23:13,128,Old Friend,699,HG,PPK,2,0,,,
2024-05-30 16:23:44,128,Old Friend,699,HG,Gr USPCompact,2,0,,,
2024-05-30 16:24:00,128,Old Friend,699,SMG,MP40,2,0,,,
2024-05-30 16:25:36,128,Old Friend,700,HG,Gr USPCompact,2,0,,,
2024-05-30 16:26:03,128,Old Friend,700,HG,PPK,2,0,,,
2024-05-30 16:26:56,128,Old Friend,700,HG,PPK,2,0,,,
2024-05-30 16:27:25,128,Old Friend,700,RF,SV-98,3,1,,,
2024-05-30 16:27:41,128,Old Friend,700,SMG,MP40,2,0,,,
2024-05-30 16:38:36,128,Old Friend,701,HG,MP-446,2,0,,,
2024-05-30 16:39:05,128,Old Friend,701,HG,Gr USPCompact,2,0,,,
2024-05-30 16:39:59,128,Old Friend,701,HG,M9,3,1,,,
2024-05-30 16:40:30,128,Old Friend,701,SMG,STEN MkⅡ,3,1,,,
2024-05-30 16:40:47,128,Old Friend,701,HG,MP-446,2,0,,,
2024-05-30 16:42:41,128,Old Friend,702,SMG,m45,2,0,,,
2024-05-30 16:43:20,128,Old Friend,702,RF,G43,2,0,,,
2024-05-30 16:43:56,128,Old Friend,702,RF,SVT-38,2,0,,,
2024-05-30 16:44:35,128,Old Friend,702,HG,Tokarev,3,1,,,
2024-05-30 16:44:53,128,Old Friend,702,MG,DP28,2,0,,,
2024-05-30 16:53:07,128,Old Friend,703,RF,SVT-38,2,0,,,
2024-05-30 16:53:37,128,Old Friend,703,SMG,Type64,2,0,,,
2024-05-30 16:54:09,128,Old Friend,703,MG,FG42,2,0,,,
2024-05-30 16:54:40,128,Old Friend,703,RF,G43,2,0,,,
2024-05-30 16:55:13,128,Old Friend,703,SMG,PPS-43,3,1,,,
2024-05-30 16:55:31,128,Old Friend,703,AR,SIG-510,2,0,,,
2024-05-30 17:01:24,128,Old Friend,704,MG,M60,4,3,,,
2024-05-30 17:02:17,128,Old Friend,704,HG,M1895,2,0,,,
2024-05-30 17:02:48,128,Old Friend,704,MG,FG42,2,0,,,
2024-05-30 17:03:05,128,Old Friend,704,SMG,PPS-43,3,1,,,
2024-05-30 17:08:02,128,Old Friend,705,SMG,PPS-43,3,1,,,
2024-05-30 17:08:29,128,Old Friend,705,MG,DP28,2,0,,,
2024-05-30 17:09:21,128,Old Friend,705,AR,Type63,2,0,,,
2024-05-30 17:09:52,128,Old Friend,705,HG,MP-446,2,0,,,
2024-05-30 17:10:09,128,Old Friend,705,HG,M1895,2,0,,,
2024-05-30 17:12:01,128,Old Friend,706,HG,Gr USPCompact,2,0,,,
2024-05-30 17:12:28,128,Old Friend,706,SMG,MP40,2,0,,,
2024-05-30 17:12:57,128,Old Friend,706,HG,M9,3,1,,,
2024-05-30 17:13:25,128,Old Friend,706,RF,SVT-38,2,0,,,
2024-05-30 17:13:56,128,Old Friend,706,AR,SIG-510,2,0,,,
2024-05-30 17:33:05,128,Old Friend,707,RF,SVT-38,2,0,,,
2024-05-30 17:33:34,128,Old Friend,707,RF,SVT-38,2,0,,,
2024-05-30 17:34:28,128,Old Friend,707,HG,Type92,3,1,,,
2024-05-30 17:34:54,128,Old Friend,707,SMG,MP40,2,0,,,
2024-05-30 17:35:11,128,Old Friend,707,HG,M1895,2,0,,,
2024-05-30 17:36:38,128,Old Friend,708,RF,G43,2,0,,,
2024-05-30 17:37:05,128,Old Friend,708,SMG,m45,2,0,,,
2024-05-30 17:37:34,128,Old Friend,708,HG,P08,3,1,,,
2024-05-30 17:38:02,128,Old Friend,708,HG,Type92,3,1,,,
2024-05-30 17:38:33,128,Old Friend,708,AR,L85A1,2,0,,,
2024-05-30 17:38:47,128,Old Friend,708,MG,Bren,3,1,,,
2024-05-30 18:17:58,128,Old Friend,709,HG,P08,3,1,,,
2024-05-30 18:18:25,128,Old Friend,709,SMG,PPSh-41,2,0,,,
2024-05-30 18:19:19,128,Old Friend,709,SMG,m45,2,0,,,
2024-05-30 18:19:50,128,Old Friend,709,AR,Type63,2,0,,,
2024-05-30 18:20:07,128,Old Friend,709,HG,Type92,3,1,,,
2024-05-30 18:24:12,128,Old Friend,710,RF,SV-98,3,1,,,
2024-05-30 18:24:41,128,Old Friend,710,RF,SV-98,3,1,,,
2024-05-30 18:25:13,128,Old Friend,710,HG,MP-446,2,0,,,
2024-05-30 18:25:42,128,Old Friend,710,HG,M1895,2,0,,,
2024-05-30 18:26:12,128,Old Friend,710,HG,P08,3,1,,,
2024-05-30 18:26:28,128,Old Friend,710,SMG,Type64,2,0,,,
2024-05-30 18:33:15,128,Old Friend,711,RF,SVT-38,2,0,,,
2024-05-30 18:33:43,128,Old Friend,711,SMG,MP40,2,0,,,
2024-05-30 18:34:11,128,Old Friend,711,RF,G43,2,0,,,
2024-05-30 18:34:41,128,Old Friend,711,SMG,m45,2,0,,,
2024-05-30 18:34:56,128,Old Friend,711,HG,Type92,3,1,,,
2024-05-30 18:36:06,128,Old Friend,712,HG,PPK,2,0,,,
2024-05-30 18:36:32,128,Old Friend,712,HG,Gr USPCompact,2,0,,,
2024-05-30 18:37:23,128,Old Friend,712,SMG,Type64,2,0,,,
2024-05-30 18:37:54,128,Old Friend,712,SMG,PPSh-41,2,0,,,
2024-05-30 18:38:07,128,Old Friend,712,RF,SVT-38,2,0,,,
2024-05-30 18:40:08,128,Old Friend,713,HG,Tokarev,3,1,,,
2024-05-30 18:40:36,128,Old Friend,713,AR,L85A1,2,0,,,
2024-05-30 18:41:04,128,Old Friend,713,SMG,m45,2,0,,,
2024-05-30 18:41:33,128,Old Friend,713,RF,G43,2,0,,,
2024-05-30 18:41:46,128,Old Friend,713,HG,MP-446,2,0,,,
2024-05-30 18:47:06,128,Old Friend,714,AR,SIG-510,2,0,,,
2024-05-30 18:47:33,128,Old Friend,714,AR,L85A1,2,0,,,
2024-05-30 18:48:03,128,Old Friend,714,HG,M1895,2,0,,,
2024-05-30 18:48:33,128,Old Friend,714,AR,Type63,2,0,,,
2024-05-30 18:49:04,128,Old Friend,714,RF,SVT-38,2,0,,,
2024-05-30 18:49:21,128,Old Friend,714,SMG,MP40,2,0,,,
2024-05-30 19:03:02,128,Old Friend,715,HG,Gr USPCompact,2,0,,,
2024-05-30 19:03:30,128,Old Friend,715,RF,SVT-38,2,0,,,
2024-05-30 19:03:58,128,Old Friend,715,RF,G43,2,0,,,
2024-05-30 19:04:30,128,Old Friend,715,SMG,m45,2,0,,,
2024-05-30 19:04:47,128,Old Friend,715,SMG,m45,2,0,,,
2024-05-30 20:56:00,128,Old Friend,716,HG,M1895,2,0,,,
2024-05-30 20:56:50,128,Old Friend,716,AR,L85A1,2,0,,,
2024-05-30 20:57:20,128,Old Friend,716,SMG,MP40,2,0,,,
2024-05-30 20:57:36,128,Old Friend,716,AR,Type63,2,0,,,
2024-05-30 21:10:13,128,Old Friend,717,HG,Type92,3,1,,,
2024-05-30 21:10:43,128,Old Friend,717,SMG,m45,2,0,,,
2024-05-30 21:11:14,128,Old Friend,717,RF,SVT-38,2,0,,,
2024-05-30 21:11:43,128,Old Friend,717,RF,SVT-38,2,0,,,
2024-05-30 21:12:15,128,Old Friend,717,AR,OTs-12,3,1,,,
2024-05-30 21:12:32,128,Old Friend,717,AR,Type63,2,0,,,
2024-05-30 21:14:07,128,Old Friend,718,HG,Type92,3,1,,,
2024-05-30 21:14:34,128,Old Friend,718,AR,L85A1,2,0,,,
2024-05-30 21:15:03,128,Old Friend,718,AR,SIG-510,2,0,,,
2024-05-30 21:15:31,128,Old Friend,718,AR,Type63,2,0,,,
2024-05-30 21:16:02,128,Old Friend,718,MG,DP28,2,0,,,
2024-05-30 21:16:18,128,Old Friend,718,SMG,m45,2,0,,,
2024-05-30 21:17:38,128,Old Friend,719,RF,VM59,2,0,,,
2024-05-30 21:18:05,128,Old Friend,719,RF,VM59,2,0,,,
2024-05-30 21:19:07,128,Old Friend,719,HG,MP-446,2,0,,,
2024-05-30 21:19:40,128,Old Friend,719,SMG,MP40,2,0,,,
2024-05-30 21:19:58,128,Old Friend,719,MG,DP28,2,0,,,
2024-05-30 21:48:19,128,Old Friend,720,AR,OTs-12,3,1,,,
2024-05-30 21:48:46,128,Old Friend,720,SMG,m45,2,0,,,
2024-05-30 21:49:19,128,Old Friend,720,MG,FG42,2,0,,,
2024-05-30 21:49:49,128,Old Friend,720,RF,SV-98,3,1,,,
2024-05-30 21:50:21,128,Old Friend,720,MG,DP28,2,0,,,
2024-05-30 21:50:38,128,Old Friend,720,MG,Bren,3,1,,,
2024-05-30 22:44:23,128,Old Friend,721,SMG,STEN MkⅡ,3,1,,,
2024-05-30 22:44:53,128,Old Friend,721,AR,Type63,2,0,,,
2024-05-30 22:45:22,128,Old Friend,721,RF,VM59,2,0,,,
2024-05-30 22:45:51,128,Old Friend,721,SMG,IDW,2,0,,,
2024-05-30 22:46:24,128,Old Friend,721,SMG,MP40,2,0,,,
2024-05-30 22:46:39,128,Old Friend,721,HG,Gr USPCompact,2,0,,,
2024-05-30 23:11:37,10359,Operation Defang I - Combat EX II,2,RF,SVT-38,2,0,,,
2024-05-30 23:21:25,10359,Operation Defang I - Combat EX II,2,SMG,PPSh-41,2,0,,,
2024-05-30 23:25:11,10359,Operation Defang I - Combat EX II,2,AR,OTs-12,3,1,,,
2024-05-30 23:29:07,10359,Operation Defang I - Combat EX II,2,AR,SIG-510,2,0,,,
2024-05-31 02:33:00,10363,Farewell  Tallinn I - Combat EX I,5,SMG,IDW,2,0,,,
2024-05-31 02:37:10,10363,Farewell  Tallinn I - Combat EX I,5,RF,G43,2,0,,,
2024-05-31 02:53:18,10363,Farewell  Tallinn I - Combat EX I,5,SMG,Type64,2,0,,,
2024-05-31 03:03:39,500931,Radiation Zone - VI,4,AR,Galil,2,0,,,
2024-05-31 03:05:26,500931,Radiation Zone - VI,4,AR,FF F2000,2,0,,,
2024-05-31 03:06:10,500931,Radiation Zone - VI,4,MG,AAT-52,2,0,,,
2024-05-31 03:06:44,500931,Radiation Zone - VI,4,RF,VM59,2,0,,,
2024-05-31 03:08:36,500991,Doll Duplication Plant - V,1,AR,Galil,2,0,,,
2024-05-31 03:09:43,500991,Doll Duplication Plant - V,1,HG,FF FNP9,2,0,,,
2024-05-31 03:10:15,500991,Doll Duplication Plant - V,1,MG,FG42,2,0,,,
2024-05-31 03:14:06,500936,Radiation Zone - VI,1,AR,Galil,2,0,,,
2024-05-31 03:14:43,500936,Radiation Zone - VI,1,SMG,Type64,2,0,,,
2024-05-31 03:15:22,500936,Radiation Zone - VI,1,HG,Bren Ten,2,0,,,
2024-05-31 03:16:58,500936,Radiation Zone - VI,1,AR,Gr G3,2,0,,,
2024-05-31 03:21:26,500957,Doll Duplication Plant - V,1,AR,FF F2000,2,0,,,
2024-05-31 03:23:12,500957,Doll Duplication Plant - V,1,AR,Gr G3,2,0,,,
2024-05-31 03:25:01,500897,Radiation Zone - VI,1,AR,Gr G3,2,0,,,
2024-05-31 03:25:30,500897,Radiation Zone - VI,1,HG,P38,2,0,,,
2024-05-31 03:26:41,500897,Radiation Zone - VI,1,SMG,PP-2000,2,0,,,
2024-05-31 03:27:14,500897,Radiation Zone - VI,1,AR,Galil,2,0,,,
2024-05-31 03:27:58,500897,Radiation Zone - VI,1,MG,MG34,2,0,,,
2024-05-31 03:27:58,500897,Radiation Zone - VI,1,RF,FF FN49,2,0,,,
2024-05-31 03:29:39,500963,Sanctum of Totems - III,3,SMG,Type64,2,0,,,
2024-05-31 03:31:17,500963,Sanctum of Totems - III,3,HG,FF FNP9,2,0,,,
2024-05-31 03:31:51,500963,Sanctum of Totems - III,3,SMG,MP40,2,0,,,
2024-05-31 03:41:08,500908,Radiation Zone - VI,2,HG,P38,2,0,,,
2024-05-31 03:42:42,500908,Radiation Zone - VI,2,SMG,Type64,2,0,,,
2024-05-31 03:43:15,500908,Radiation Zone - VI,2,HG,Bren Ten,2,0,,,
2024-05-31 03:43:15,500908,Radiation Zone - VI,2,AR,AK-47,3,1,,,
2024-05-31 03:53:57,500855,Sanctum of Totems - III,1,MG,MG34,2,0,,,
2024-05-31 03:55:00,500855,Sanctum of Totems - III,1,HG,FF FNP9,2,0,,,
2024-05-31 03:56:46,500855,Sanctum of Totems - III,1,HG,HS2000,5,5,,,
2024-05-31 04:00:55,530061,Final Storage Place,4,HG,FF FNP9,2,0,,,
2024-05-31 04:03:31,530061,Final Storage Place,4,HG,M1911,2,0,,,
2024-05-31 04:03:31,530061,Final Storage Place,4,AR,L85A1,2,0,,,
2024-05-31 04:10:54,500991,Doll Duplication Plant - V,2,SMG,M38,2,0,,,
2024-05-31 04:11:28,500991,Doll Duplication Plant - V,2,SMG,PP-2000,2,0,,,
2024-05-31 04:12:04,500991,Doll Duplication Plant - V,2,HG,Bren Ten,2,0,,,
2024-05-31 04:12:35,500991,Doll Duplication Plant - V,2,SMG,Spectre M4,2,0,,,
2024-05-31 04:12:35,500991,Doll Duplication Plant - V,2,SMG,PPSh-41,2,0,,,
2024-05-31 04:14:26,500891,Sanctum of Totems - III,1,HG,M1911,2,0,,,
2024-05-31 04:15:37,500891,Sanctum of Totems - III,1,MG,AAT-52,2,0,,,
2024-05-31 04:16:12,500891,Sanctum of Totems - III,1,SMG,Type64,2,0,,,
2024-05-31 04:20:10,500946,Radiation Zone - VI,2,MG,MG34,2,0,,,
2024-05-31 04:20:47,500946,Radiation Zone - VI,2,HG,Bren Ten,2,0,,,
2024-05-31 04:21:53,500946,Radiation Zone - VI,2,SMG,Spectre M4,2,0,,,
2024-05-31 04:22:24,500946,Radiation Zone - VI,2,MG,MG34,2,0,,,
2024-05-31 04:22:24,500946,Radiation Zone - VI,2,SMG,Spectre M4,2,0,,,
2024-05-31 04:23:38,501007,Doll Duplication Plant - V,2,RF,FF FN49,2,0,,,
2024-05-31 04:26:06,501007,Doll Duplication Plant - V,2,MG,LWMMG,2,0,,,
2024-05-31 04:26:48,501007,Doll Duplication Plant - V,2,AR,FF F2000,2,0,,,
2024-05-31 04:26:48,501007,Doll Duplication Plant - V,2,SMG,PP-2000,2,0,,,
2024-05-31 04:29:35,500907,Radiation Zone - VI,3,SMG,Type64,2,0,,,
2024-05-31 04:30:40,500907,Radiation Zone - VI,3,RF,FF FN49,2,0,,,
2024-05-31 04:32:48,500953,Sanctum of Totems - III,1,SMG,PP-2000,2,0,,,
2024-05-31 04:33:25,500953,Sanctum of Totems - III,1,SMG,Spectre M4,2,0,,,
2024-05-31 04:34:02,500953,Sanctum of Totems - III,1,HG,M1911,2,0,,,
2024-05-31 04:34:38,500953,Sanctum of Totems - III,1,AR,FF F2000,2,0,,,
2024-05-31 04:36:15,500953,Sanctum of Totems - III,1,HG,M1911,2,0,,,
2024-05-31 04:36:15,500953,Sanctum of Totems - III,1,AR,SIG-510,2,0,,,
2024-05-31 04:41:57,500933,Sanctum of Totems - III,0,HG,Bren Ten,2,0,,,
2024-05-31 04:43:13,500933,Sanctum of Totems - III,0,SMG,Type64,2,0,,,
2024-05-31 04:49:30,500939,Doll Duplication Plant - V,1,RF,FF FN49,2,0,,,
2024-05-31 04:50:34,500939,Doll Duplication Plant - V,1,HG,Bren Ten,2,0,,,
2024-05-31 04:51:16,500939,Doll Duplication Plant - V,1,HG,FF FNP9,2,0,,,
2024-05-31 04:51:50,500939,Doll Duplication Plant - V,1,HG,M1911,2,0,,,
2024-05-31 04:51:50,500939,Doll Duplication Plant - V,1,AR,Gr G3,2,0,,,
2024-05-31 14:28:19,500839,Merchant's Pass - X,1,SMG,Type64,2,0,,,
2024-05-31 14:28:51,500839,Merchant's Pass - X,1,MG,LWMMG,2,0,,,
2024-05-31 14:31:51,530211,Final Storage Place,2,SMG,Type64,2,0,,,
2024-05-31 14:32:42,530211,Final Storage Place,2,SMG,MP40,2,0,,,
2024-05-31 14:34:23,500861,Sanctum of Totems - III,1,AR,Galil,2,0,,,
2024-05-31 14:35:53,500861,Sanctum of Totems - III,1,AR,Galil,2,0,,,
2024-05-31 14:36:30,500861,Sanctum of Totems - III,1,SMG,M38,2,0,,,
2024-05-31 14:37:04,500861,Sanctum of Totems - III,1,SMG,M3,2,0,,,
2024-05-31 14:37:04,500861,Sanctum of Totems - III,1,SMG,PPSh-41,2,0,,,
2024-05-31 14:37:56,500981,Doll Duplication Plant - V,1,SMG,M3,2,0,,,
2024-05-31 14:39:01,500981,Doll Duplication Plant - V,1,AR,Gr G3,2,0,,,
2024-05-31 14:40:37,500981,Doll Duplication Plant - V,1,MG,LWMMG,2,0,,,
2024-05-31 14:41:27,500981,Doll Duplication Plant - V,1,SMG,Type64,2,0,,,
2024-05-31 14:41:27,500981,Doll Duplication Plant - V,1,HG,HS2000,5,5,,,
2024-05-31 14:42:32,500911,Merchant's Pass - X,1,SMG,Spectre M4,2,0,,,
2024-05-31 14:43:06,500911,Merchant's Pass - X,1,HG,M1911,2,0,,,
2024-05-31 14:43:38,500911,Merchant's Pass - X,1,MG,LWMMG,2,0,,,
2024-05-31 14:44:13,500911,Merchant's Pass - X,1,SMG,Type64,2,0,,,
2024-05-31 14:44:49,500911,Merchant's Pass - X,1,MG,MG34,2,0,,,
2024-05-31 14:45:21,500911,Merchant's Pass - X,1,SMG,M38,2,0,,,
2024-05-31 14:45:21,500911,Merchant's Pass - X,1,SMG,MP40,2,0,,,
2024-05-31 14:52:29,500827,Merchant's Pass - X,2,HG,Bren Ten,2,0,,,
2024-05-31 14:53:02,500827,Merchant's Pass - X,2,AR,Galil,2,0,,,
2024-05-31 14:53:47,500827,Merchant's Pass - X,2,MG,AAT-52,2,0,,,
2024-05-31 14:54:45,500827,Merchant's Pass - X,2,MG,AAT-52,2,0,,,
2024-05-31 14:55:17,500827,Merchant's Pass - X,2,HG,P38,2,0,,,
2024-05-31 14:55:17,500827,Merchant's Pass - X,2,RF,FF FN49,2,0,,,
2024-05-31 14:56:28,500937,Doll Duplication Plant - V,2,MG,AAT-52,2,0,,,
2024-05-31 14:57:00,500937,Doll Duplication Plant - V,2,AR,FF F2000,2,0,,,
2024-05-31 14:57:31,500937,Doll Duplication Plant - V,2,SMG,M3,2,0,,,
2024-05-31 14:58:05,500937,Doll Duplication Plant - V,2,SMG,PP-2000,2,0,,,
2024-05-31 14:59:17,500937,Doll Duplication Plant - V,2,MG,LWMMG,2,0,,,
2024-05-31 15:00:05,500952,Sanctum of Totems - III,1,AR,FF F2000,2,0,,,
2024-05-31 15:02:05,500952,Sanctum of Totems - III,1,MG,AAT-52,2,0,,,
2024-05-31 15:02:36,500952,Sanctum of Totems - III,1,AR,SIG-510,2,0,,,
2024-05-31 15:09:22,500858,Radiation Zone - VI,2,HG,M1911,2,0,,,
2024-05-31 15:09:56,500858,Radiation Zone - VI,2,HG,P38,2,0,,,
2024-05-31 15:12:28,500858,Radiation Zone - VI,2,HG,P38,2,0,,,
2024-05-31 15:14:08,500980,Doll Duplication Plant - V,1,SMG,Type64,2,0,,,
2024-05-31 15:15:48,500980,Doll Duplication Plant - V,1,MG,MG34,2,0,,,
2024-05-31 15:17:01,500980,Doll Duplication Plant - V,1,HG,M1911,2,0,,,
2024-05-31 15:25:11,530061,Final Storage Place,5,RF,SKS,2,0,,,
2024-05-31 15:25:11,530061,Final Storage Place,5,SMG,IDW,2,0,,,
2024-05-31 17:01:33,128,Old Friend,722,SMG,m45,2,0,,,
2024-05-31 17:02:01,128,Old Friend,722,RF,SVT-38,2,0,,,
2024-05-31 17:02:32,128,Old Friend,722,RF,SV-98,3,1,,,
2024-05-31 17:03:02,128,Old Friend,722,SMG,MP40,2,0,,,
2024-05-31 17:03:34,128,Old Friend,722,HG,PPK,2,0,,,
2024-05-31 17:03:51,128,Old Friend,722,HG,PPK,2,0,,,
2024-05-31 17:05:31,128,Old Friend,723,RF,G43,2,0,,,
2024-05-31 17:06:27,128,Old Friend,723,SMG,MP40,2,0,,,
2024-05-31 17:06:59,128,Old Friend,723,HG,Gr USPCompact,2,0,,,
2024-05-31 17:07:16,128,Old Friend,723,HG,M1895,2,0,,,
2024-05-31 17:09:04,128,Old Friend,724,AR,L85A1,2,0,,,
2024-05-31 17:09:33,128,Old Friend,724,AR,L85A1,2,0,,,
2024-05-31 17:10:27,128,Old Friend,724,RF,SVT-38,2,0,,,
2024-05-31 17:10:58,128,Old Friend,724,SMG,PPS-43,3,1,,,
2024-05-31 17:11:14,128,Old Friend,724,SMG,PPSh-41,2,0,,,
2024-05-31 17:17:43,128,Old Friend,725,AR,SIG-510,2,0,,,
2024-05-31 17:18:10,128,Old Friend,725,HG,Gr USPCompact,2,0,,,
2024-05-31 17:18:39,128,Old Friend,725,HG,M1895,2,0,,,
2024-05-31 17:19:08,128,Old Friend,725,HG,M1895,2,0,,,
2024-05-31 17:19:39,128,Old Friend,725,AR,L85A1,2,0,,,
2024-05-31 17:19:56,128,Old Friend,725,HG,MP-446,2,0,,,
2024-05-31 17:32:19,128,Old Friend,726,HG,Gr USPCompact,2,0,,,
2024-05-31 17:32:47,128,Old Friend,726,SMG,PPS-43,3,1,,,
2024-05-31 17:33:15,128,Old Friend,726,MG,FG42,2,0,,,
2024-05-31 17:33:45,128,Old Friend,726,MG,DP28,2,0,,,
2024-05-31 17:34:02,128,Old Friend,726,HG,Gr USPCompact,2,0,,,
2024-05-31 19:53:21,128,Old Friend,728,HG,Gr USPCompact,2,0,,,
2024-05-31 19:53:46,128,Old Friend,728,SMG,PPSh-41,2,0,,,
2024-05-31 19:54:45,128,Old Friend,728,AR,L85A1,2,0,,,
2024-05-31 19:55:15,128,Old Friend,728,RF,SVT-38,2,0,,,
2024-05-31 19:55:35,128,Old Friend,728,AR,Type63,2,0,,,
2024-05-31 20:01:08,128,Old Friend,729,SMG,PPSh-41,2,0,,,
2024-05-31 20:01:38,128,Old Friend,729,SMG,MP40,2,0,,,
2024-05-31 20:02:33,128,Old Friend,729,SMG,PPS-43,3,1,,,
2024-05-31 20:03:13,128,Old Friend,729,HG,Gr USPCompact,2,0,,,
2024-05-31 20:03:31,128,Old Friend,729,HG,Gr USPCompact,2,0,,,
2024-05-31 20:05:53,128,Old Friend,730,RF,VM59,2,0,,,
2024-05-31 20:06:23,128,Old Friend,730,RF,VM59,2,0,,,
2024-05-31 20:06:53,128,Old Friend,730,RF,SVT-38,2,0,,,
2024-05-31 20:07:31,128,Old Friend,730,HG,P08,3,1,,,
2024-05-31 20:08:09,128,Old Friend,730,SMG,m45,2,0,,,
2024-05-31 20:08:27,128,Old Friend,730,MG,DP28,2,0,,,
2024-05-31 20:34:21,128,Old Friend,731,SMG,Type64,2,0,,,
2024-05-31 20:37:41,128,Old Friend,731,HG,Gr USPCompact,2,0,,,
2024-05-31 20:38:29,128,Old Friend,731,MG,M1919A4,3,1,,,
2024-05-31 20:40:13,128,Old Friend,731,MG,DP28,2,0,,,
2024-05-31 20:40:40,128,Old Friend,731,MG,FG42,2,0,,,
2024-05-31 20:40:56,128,Old Friend,731,SMG,MP40,2,0,,,
2024-05-31 21:45:49,128,Old Friend,732,HG,MP-446,2,0,,,
2024-05-31 21:46:17,128,Old Friend,732,AR,SIG-510,2,0,,,
2024-05-31 21:46:46,128,Old Friend,732,HG,MP-446,2,0,,,
2024-05-31 21:47:14,128,Old Friend,732,HG,PPK,2,0,,,
2024-05-31 21:47:45,128,Old Friend,732,HG,Gr USPCompact,2,0,,,
2024-05-31 21:48:02,128,Old Friend,732,RF,G43,2,0,,,
2024-05-31 21:49:32,128,Old Friend,733,AR,Type63,2,0,,,
2024-05-31 21:49:59,128,Old Friend,733,AR,L85A1,2,0,,,
2024-05-31 21:50:52,128,Old Friend,733,MG,DP28,2,0,,,
2024-05-31 21:51:22,128,Old Friend,733,RF,SVT-38,2,0,,,
2024-05-31 21:51:39,128,Old Friend,733,AR,SIG-510,2,0,,,
2024-05-31 21:53:53,128,Old Friend,734,SMG,STEN MkⅡ,3,1,,,
2024-05-31 21:54:20,128,Old Friend,734,HG,PPK,2,0,,,
2024-05-31 21:54:50,128,Old Friend,734,RF,VM59,2,0,,,
2024-05-31 21:55:18,128,Old Friend,734,MG,DP28,2,0,,,
2024-05-31 21:55:49,128,Old Friend,734,RF,SV-98,3,1,,,
2024-05-31 21:56:07,128,Old Friend,734,AR,SIG-510,2,0,,,
2024-06-01 01:05:17,128,Old Friend,735,SMG,PPS-43,3,1,,,
2024-06-01 01:05:45,128,Old Friend,735,HG,Gr USPCompact,2,0,,,
2024-06-01 01:06:14,128,Old Friend,735,HG,Gr USPCompact,2,0,,,
2024-06-01 01:06:42,128,Old Friend,735,MG,FG42,2,0,,,
2024-06-01 01:07:11,128,Old Friend,735,MG,FG42,2,0,,,
2024-06-01 01:07:27,128,Old Friend,735,SMG,PPSh-41,2,0,,,
2024-06-01 01:22:54,128,Old Friend,736,HG,M1895,2,0,,,
2024-06-01 01:24:05,128,Old Friend,736,SMG,Type64,2,0,,,
2024-06-01 01:24:33,128,Old Friend,736,RF,VM59,2,0,,,
2024-06-01 01:25:01,128,Old Friend,736,SMG,m45,2,0,,,
2024-06-01 01:25:31,128,Old Friend,736,RF,VM59,2,0,,,
2024-06-01 01:25:47,128,Old Friend,736,SMG,m45,2,0,,,
2024-06-01 01:41:11,128,Old Friend,737,AR,Type63,2,0,,,
2024-06-01 01:41:39,128,Old Friend,737,RF,G43,2,0,,,
2024-06-01 01:42:07,128,Old Friend,737,AR,L85A1,2,0,,,
2024-06-01 01:42:37,128,Old Friend,737,HG,P7,4,3,,,
2024-06-01 01:42:53,128,Old Friend,737,MG,DP28,2,0,,,
2024-06-01 01:45:32,128,Old Friend,738,MG,FG42,2,0,,,
2024-06-01 01:46:00,128,Old Friend,738,RF,SV-98,3,1,,,
2024-06-01 01:46:28,128,Old Friend,738,AR,L85A1,2,0,,,
2024-06-01 01:46:57,128,Old Friend,738,AR,Type63,2,0,,,
2024-06-01 01:47:13,128,Old Friend,738,MG,Bren,3,1,,,
2024-06-01 01:50:05,128,Old Friend,739,HG,M9,3,1,,,
2024-06-01 01:50:32,128,Old Friend,739,SMG,PPSh-41,2,0,,,
2024-06-01 01:51:00,128,Old Friend,739,MG,FG42,2,0,,,
2024-06-01 01:51:29,128,Old Friend,739,AR,L85A1,2,0,,,
2024-06-01 01:51:58,128,Old Friend,739,HG,MP-446,2,0,,,
2024-06-01 01:52:14,128,Old Friend,739,MG,FG42,2,0,,,
2024-06-01 01:58:46,128,Old Friend,740,AR,L85A1,2,0,,,
2024-06-01 01:59:15,128,Old Friend,740,RF,VM59,2,0,,,
2024-06-01 01:59:44,128,Old Friend,740,RF,VM59,2,0,,,
2024-06-01 02:00:14,128,Old Friend,740,HG,Gr USPCompact,2,0,,,
2024-06-01 02:00:30,128,Old Friend,740,SMG,MP40,2,0,,,
2024-06-01 02:03:26,128,Old Friend,741,SMG,MP40,2,0,,,
2024-06-01 02:03:52,128,Old Friend,741,SMG,MP40,2,0,,,
2024-06-01 02:04:20,128,Old Friend,741,SMG,IDW,2,0,,,
2024-06-01 02:04:48,128,Old Friend,741,HG,Type92,3,1,,,
2024-06-01 02:05:17,128,Old Friend,741,MG,FG42,2,0,,,
2024-06-01 02:05:34,128,Old Friend,741,SMG,PPSh-41,2,0,,,
2024-06-01 05:30:58,128,Old Friend,742,RF,SVT-38,2,0,,,
2024-06-01 05:31:26,128,Old Friend,742,AR,Type63,2,0,,,
2024-06-01 05:32:17,128,Old Friend,742,HG,PPK,2,0,,,
2024-06-01 05:32:47,128,Old Friend,742,RF,VM59,2,0,,,
2024-06-01 05:33:03,128,Old Friend,742,MG,FG42,2,0,,,
2024-06-01 05:36:44,128,Old Friend,743,SMG,m45,2,0,,,
2024-06-01 05:37:13,128,Old Friend,743,HG,MP-446,2,0,,,
2024-06-01 05:37:43,128,Old Friend,743,AR,SIG-510,2,0,,,
2024-06-01 05:38:12,128,Old Friend,743,MG,DP28,2,0,,,
2024-06-01 05:38:20,128,Old Friend,743,RF,G43,2,0,,,
2024-06-01 05:40:10,128,Old Friend,744,RF,G43,2,0,,,
2024-06-01 05:41:00,128,Old Friend,744,HG,Gr USPCompact,2,0,,,
2024-06-01 05:41:44,128,Old Friend,744,MG,FG42,2,0,,,
2024-06-01 05:42:00,128,Old Friend,744,SMG,IDW,2,0,,,
2024-06-01 05:58:45,10351,Fractured Cognition I - Combat EX,4,SMG,PPSh-41,2,0,,,
2024-06-01 06:01:09,10351,Fractured Cognition I - Combat EX,4,AR,L85A1,2,0,,,
2024-06-01 06:07:00,10351,Fractured Cognition I - Combat EX,4,SMG,MP40,2,0,,,
2024-06-01 06:07:45,10351,Fractured Cognition I - Combat EX,4,SMG,MP40,2,0,,,
2024-06-01 17:43:18,128,Old Friend,745,RF,VM59,2,0,,,
2024-06-01 17:44:16,128,Old Friend,745,HG,MP-446,2,0,,,
2024-06-01 17:44:48,128,Old Friend,745,RF,SV-98,3,1,,,
2024-06-01 17:45:06,128,Old Friend,745,RF,SVT-38,2,0,,,
2024-06-01 17:46:52,128,Old Friend,746,SMG,PPSh-41,2,0,,,
2024-06-01 17:47:21,128,Old Friend,746,SMG,m45,2,0,,,
2024-06-01 17:47:51,128,Old Friend,746,SMG,PPSh-41,2,0,,,
2024-06-01 17:48:21,128,Old Friend,746,MG,M1919A4,3,1,,,
2024-06-01 17:48:54,128,Old Friend,746,HG,Gr USPCompact,2,0,,,
2024-06-01 17:49:08,128,Old Friend,746,SMG,STEN MkⅡ,3,1,,,
2024-06-01 18:03:09,128,Old Friend,747,RF,SVT-38,2,0,,,
2024-06-01 18:03:45,128,Old Friend,747,HG,MP-446,2,0,,,
2024-06-01 18:04:17,128,Old Friend,747,HG,PPK,2,0,,,
2024-06-01 18:04:48,128,Old Friend,747,AR,Type63,2,0,,,
2024-06-01 18:05:21,128,Old Friend,747,AR,L85A1,2,0,,,
2024-06-01 18:05:38,128,Old Friend,747,AR,L85A1,2,0,,,
2024-06-01 18:08:05,128,Old Friend,748,HG,M1895,2,0,,,
2024-06-01 18:08:36,128,Old Friend,748,AR,SIG-510,2,0,,,
2024-06-01 18:09:07,128,Old Friend,748,HG,MP-446,2,0,,,
2024-06-01 18:09:38,128,Old Friend,748,SMG,m45,2,0,,,
2024-06-01 18:09:54,128,Old Friend,748,RF,SVT-38,2,0,,,
2024-06-02 05:01:38,128,Old Friend,753,HG,Gr USPCompact,2,0,,,
2024-06-02 05:02:06,128,Old Friend,753,HG,MP-446,2,0,,,
2024-06-02 05:02:58,128,Old Friend,753,MG,DP28,2,0,,,
2024-06-02 05:03:28,128,Old Friend,753,MG,Bren,3,1,,,
2024-06-02 05:03:46,128,Old Friend,753,HG,P08,3,1,,,
2024-06-02 05:05:43,128,Old Friend,754,SMG,Type64,2,0,,,
2024-06-02 05:06:39,128,Old Friend,754,MG,FG42,2,0,,,
2024-06-02 05:07:10,128,Old Friend,754,RF,G43,2,0,,,
2024-06-02 05:07:26,128,Old Friend,754,SMG,PPSh-41,2,0,,,
2024-06-02 05:09:28,128,Old Friend,755,SMG,IDW,2,0,,,
2024-06-02 05:09:57,128,Old Friend,755,HG,Type92,3,1,,,
2024-06-02 05:10:29,128,Old Friend,755,RF,G43,2,0,,,
2024-06-02 05:10:57,128,Old Friend,755,SMG,Type64,2,0,,,
2024-06-02 05:11:14,128,Old Friend,755,SMG,MP40,2,0,,,
2024-06-02 05:13:35,128,Old Friend,756,RF,VM59,2,0,,,
2024-06-02 05:14:30,128,Old Friend,756,SMG,MP40,2,0,,,
2024-06-02 05:14:58,128,Old Friend,756,AR,SIG-510,2,0,,,
2024-06-02 05:15:27,128,Old Friend,756,AR,L85A1,2,0,,,
2024-06-02 05:15:42,128,Old Friend,756,SMG,Type64,2,0,,,
2024-06-02 05:19:06,128,Old Friend,757,RF,VM59,2,0,,,
2024-06-02 05:19:34,128,Old Friend,757,SMG,IDW,2,0,,,
2024-06-02 05:20:21,128,Old Friend,757,AR,SIG-510,2,0,,,
2024-06-02 05:20:46,128,Old Friend,757,SMG,PPSh-41,2,0,,,
2024-06-02 05:21:02,128,Old Friend,757,SMG,PPSh-41,2,0,,,
2024-06-02 05:36:50,128,Old Friend,758,RF,M1 Garand,3,1,,,
2024-06-02 05:37:17,128,Old Friend,758,HG,M9,3,1,,,
2024-06-02 05:38:10,128,Old Friend,758,SMG,STEN MkⅡ,3,1,,,
2024-06-02 05:38:40,128,Old Friend,758,RF,VM59,2,0,,,
2024-06-02 05:38:58,128,Old Friend,758,SMG,PPSh-41,2,0,,,
2024-06-02 05:45:15,128,Old Friend,759,MG,FG42,2,0,,,
2024-06-02 05:45:42,128,Old Friend,759,HG,PPK,2,0,,,
2024-06-02 05:46:33,128,Old Friend,759,SMG,PPSh-41,2,0,,,
2024-06-02 05:47:02,128,Old Friend,759,AR,SIG-510,2,0,,,
2024-06-02 05:47:17,128,Old Friend,759,SMG,MP40,2,0,,,
2024-06-02 06:32:40,128,Old Friend,760,HG,MP-446,2,0,,,
2024-06-02 06:33:08,128,Old Friend,760,AR,Type63,2,0,,,
2024-06-02 06:33:37,128,Old Friend,760,HG,Gr USPCompact,2,0,,,
2024-06-02 06:34:06,128,Old Friend,760,MG,DP28,2,0,,,
2024-06-02 06:34:35,128,Old Friend,760,SMG,PPSh-41,2,0,,,
2024-06-02 06:34:53,128,Old Friend,760,SMG,MP40,2,0,,,
2024-06-02 06:37:12,128,Old Friend,761,AR,SIG-510,2,0,,,
2024-06-02 06:37:42,128,Old Friend,761,AR,Type63,2,0,,,
2024-06-02 06:38:10,128,Old Friend,761,HG,MP-446,2,0,,,
2024-06-02 06:38:39,128,Old Friend,761,HG,PPK,2,0,,,
2024-06-02 06:38:56,128,Old Friend,761,RF,VM59,2,0,,,
2024-06-02 06:42:23,128,Old Friend,762,HG,MP-446,2,0,,,
2024-06-02 06:42:50,128,Old Friend,762,RF,M1 Garand,3,1,,,
2024-06-02 06:43:41,128,Old Friend,762,MG,FG42,2,0,,,
2024-06-02 06:44:09,128,Old Friend,762,RF,SV-98,3,1,,,
2024-06-02 06:44:22,128,Old Friend,762,SMG,Type64,2,0,,,
2024-06-02 06:46:14,128,Old Friend,763,HG,MP-446,2,0,,,
2024-06-02 06:46:42,128,Old Friend,763,SMG,IDW,2,0,,,
2024-06-02 06:47:31,128,Old Friend,763,RF,VM59,2,0,,,
2024-06-02 06:47:56,128,Old Friend,763,SMG,m45,2,0,,,
2024-06-02 06:48:08,128,Old Friend,763,AR,OTs-12,3,1,,,
2024-06-02 06:49:27,128,Old Friend,764,HG,P08,3,1,,,
2024-06-02 06:49:49,128,Old Friend,764,AR,SIG-510,2,0,,,
2024-06-02 06:50:34,128,Old Friend,764,HG,MP-446,2,0,,,
2024-06-02 06:50:58,128,Old Friend,764,RF,G43,2,0,,,
2024-06-02 06:51:10,128,Old Friend,764,SMG,IDW,2,0,,,
2024-06-02 06:52:46,128,Old Friend,765,HG,Gr USPCompact,2,0,,,
2024-06-02 06:53:12,128,Old Friend,765,HG,Gr USPCompact,2,0,,,
2024-06-02 06:53:35,128,Old Friend,765,HG,Gr USPCompact,2,0,,,
2024-06-02 06:53:58,128,Old Friend,765,HG,P08,3,1,,,
2024-06-02 06:54:12,128,Old Friend,765,HG,PPK,2,0,,,
2024-06-02 06:56:21,128,Old Friend,766,HG,MP-446,2,0,,,
2024-06-02 06:56:48,128,Old Friend,766,HG,PPK,2,0,,,
2024-06-02 06:57:18,128,Old Friend,766,HG,PPK,2,0,,,
2024-06-02 06:57:41,128,Old Friend,766,HG,Tokarev,3,1,,,
2024-06-02 06:58:09,128,Old Friend,766,AR,Type63,2,0,,,
2024-06-02 06:58:23,128,Old Friend,766,SMG,PPSh-41,2,0,,,
2024-06-02 07:00:18,128,Old Friend,767,SMG,PPSh-41,2,0,,,
2024-06-02 07:00:45,128,Old Friend,767,SMG,IDW,2,0,,,
2024-06-02 07:01:09,128,Old Friend,767,AR,Type63,2,0,,,
2024-06-02 07:01:36,128,Old Friend,767,SMG,PPS-43,3,1,,,
2024-06-02 07:01:50,128,Old Friend,767,HG,P08,3,1,,,
2024-06-02 07:03:35,128,Old Friend,768,HG,MP-446,2,0,,,
2024-06-02 07:04:01,128,Old Friend,768,SMG,IDW,2,0,,,
2024-06-02 07:04:29,128,Old Friend,768,SMG,IDW,2,0,,,
2024-06-02 07:04:56,128,Old Friend,768,AR,SIG-510,2,0,,,
2024-06-02 07:05:23,128,Old Friend,768,HG,Gr USPCompact,2,0,,,
2024-06-02 07:05:39,128,Old Friend,768,RF,VM59,2,0,,,
2024-06-02 07:38:21,128,Old Friend,769,SMG,IDW,2,0,,,
2024-06-02 07:38:49,128,Old Friend,769,RF,SVT-38,2,0,,,
2024-06-02 07:39:17,128,Old Friend,769,HG,Gr USPCompact,2,0,,,
2024-06-02 07:39:49,128,Old Friend,769,MG,FG42,2,0,,,
2024-06-02 07:40:19,128,Old Friend,769,RF,M1 Garand,3,1,,,
2024-06-02 07:40:37,128,Old Friend,769,AR,Type63,2,0,,,
2024-06-02 07:50:08,128,Old Friend,770,RF,VM59,2,0,,,
2024-06-02 07:50:38,128,Old Friend,770,AR,Type63,2,0,,,
2024-06-02 07:51:07,128,Old Friend,770,SMG,IDW,2,0,,,
2024-06-02 07:51:37,128,Old Friend,770,MG,Bren,3,1,,,
2024-06-02 07:51:54,128,Old Friend,770,RF,VM59,2,0,,,
2024-06-02 07:53:48,128,Old Friend,771,AR,L85A1,2,0,,,
2024-06-02 07:54:37,128,Old Friend,771,AR,SIG-510,2,0,,,
2024-06-02 07:55:13,128,Old Friend,771,RF,G43,2,0,,,
2024-06-02 07:55:47,128,Old Friend,771,SMG,PPSh-41,2,0,,,
2024-06-02 07:56:20,128,Old Friend,771,MG,DP28,2,0,,,
2024-06-02 07:56:38,128,Old Friend,771,AR,Type63,2,0,,,
2024-06-02 17:37:15,128,Old Friend,772,SMG,PPS-43,3,1,,,
2024-06-02 17:37:44,128,Old Friend,772,SMG,IDW,2,0,,,
2024-06-02 17:38:44,128,Old Friend,772,RF,G43,2,0,,,
2024-06-02 17:39:12,128,Old Friend,772,AR,L85A1,2,0,,,
2024-06-02 17:39:32,128,Old Friend,772,AR,StG44,3,1,,,
2024-06-02 17:41:29,128,Old Friend,773,SMG,IDW,2,0,,,
2024-06-02 17:41:58,128,Old Friend,773,HG,Gr USPCompact,2,0,,,
2024-06-02 17:42:27,128,Old Friend,773,RF,G43,2,0,,,
2024-06-02 17:42:54,128,Old Friend,773,SMG,m45,2,0,,,
2024-06-02 17:43:23,128,Old Friend,773,SMG,PPSh-41,2,0,,,
2024-06-02 17:43:35,128,Old Friend,773,RF,VM59,2,0,,,
2024-06-02 17:51:42,128,Old Friend,774,RF,VM59,2,0,,,
2024-06-02 17:52:06,128,Old Friend,774,HG,Gr USPCompact,2,0,,,
2024-06-02 17:52:36,128,Old Friend,774,HG,PPK,2,0,,,
2024-06-02 17:53:00,128,Old Friend,774,RF,G43,2,0,,,
2024-06-02 17:53:27,128,Old Friend,774,HG,M1895,2,0,,,
2024-06-02 17:53:40,128,Old Friend,774,HG,Gr USPCompact,2,0,,,
2024-06-02 18:09:42,128,Old Friend,775,SMG,MP40,2,0,,,
2024-06-02 18:10:11,128,Old Friend,775,AR,StG44,3,1,,,
2024-06-02 18:10:41,128,Old Friend,775,RF,G43,2,0,,,
2024-06-02 18:11:15,128,Old Friend,775,RF,Mosin-Nagant,4,3,,,
2024-06-02 18:11:45,128,Old Friend,775,RF,VM59,2,0,,,
2024-06-02 18:12:02,128,Old Friend,775,SMG,MP40,2,0,,,
2024-06-02 18:48:54,128,Old Friend,776,MG,FG42,2,0,,,
2024-06-02 18:49:25,128,Old Friend,776,RF,VM59,2,0,,,
2024-06-02 18:49:56,128,Old Friend,776,HG,MP-446,2,0,,,
2024-06-02 18:50:23,128,Old Friend,776,SMG,MP40,2,0,,,
2024-06-02 18:50:38,128,Old Friend,776,RF,VM59,2,0,,,
2024-06-02 18:56:50,128,Old Friend,777,RF,SVT-38,2,0,,,
2024-06-02 18:57:20,128,Old Friend,777,AR,SIG-510,2,0,,,
2024-06-02 18:57:50,128,Old Friend,777,SMG,PPSh-41,2,0,,,
2024-06-02 18:58:21,128,Old Friend,777,MG,FG42,2,0,,,
2024-06-02 18:58:52,128,Old Friend,777,AR,Type63,2,0,,,
2024-06-02 18:59:09,128,Old Friend,777,SMG,m45,2,0,,,
2024-06-02 19:17:15,128,Old Friend,778,RF,VM59,2,0,,,
2024-06-02 19:17:44,128,Old Friend,778,SMG,IDW,2,0,,,
2024-06-02 19:18:37,128,Old Friend,778,HG,MP-446,2,0,,,
2024-06-02 19:19:07,128,Old Friend,778,AR,SIG-510,2,0,,,
2024-06-02 19:19:19,128,Old Friend,778,RF,G43,2,0,,,
2024-06-02 19:20:27,128,Old Friend,779,AR,OTs-12,3,1,,,
2024-06-02 19:20:49,128,Old Friend,779,SMG,MP40,2,0,,,
2024-06-02 19:21:11,128,Old Friend,779,RF,VM59,2,0,,,
2024-06-02 19:21:36,128,Old Friend,779,SMG,Type64,2,0,,,
2024-06-02 19:22:01,128,Old Friend,779,SMG,m45,2,0,,,
2024-06-02 19:22:12,128,Old Friend,779,SMG,Type64,2,0,,,
2024-06-02 19:24:36,128,Old Friend,780,AR,StG44,3,1,,,
2024-06-02 19:25:28,128,Old Friend,780,RF,G43,2,0,,,
2024-06-02 19:25:50,128,Old Friend,780,RF,VM59,2,0,,,
2024-06-02 19:26:03,128,Old Friend,780,HG,MP-446,2,0,,,
2024-06-02 19:27:18,128,Old Friend,781,HG,Gr USPCompact,2,0,,,
2024-06-02 19:27:47,128,Old Friend,781,RF,VM59,2,0,,,
2024-06-02 19:28:41,128,Old Friend,781,MG,FG42,2,0,,,
2024-06-02 19:29:10,128,Old Friend,781,RF,G43,2,0,,,
2024-06-02 19:29:27,128,Old Friend,781,SMG,Type64,2,0,,,
2024-06-02 19:34:02,128,Old Friend,783,HG,Type92,3,1,,,
2024-06-02 19:34:31,128,Old Friend,783,HG,PPK,2,0,,,
2024-06-02 19:35:22,128,Old Friend,783,SMG,Type64,2,0,,,
2024-06-02 19:35:45,128,Old Friend,783,RF,G43,2,0,,,
2024-06-02 19:35:56,128,Old Friend,783,HG,MP-446,2,0,,,
2024-06-02 19:37:10,128,Old Friend,784,RF,VM59,2,0,,,
2024-06-02 19:37:38,128,Old Friend,784,AR,L85A1,2,0,,,
2024-06-02 19:38:06,128,Old Friend,784,MG,FG42,2,0,,,
2024-06-02 19:38:34,128,Old Friend,784,HG,Gr USPCompact,2,0,,,
2024-06-02 19:39:02,128,Old Friend,784,SMG,IDW,2,0,,,
2024-06-02 19:39:18,128,Old Friend,784,HG,Tokarev,3,1,,,
2024-06-02 19:42:48,128,Old Friend,785,RF,G43,2,0,,,
2024-06-02 19:43:13,128,Old Friend,785,AR,Type63,2,0,,,
2024-06-02 19:43:42,128,Old Friend,785,RF,SV-98,3,1,,,
2024-06-02 19:44:12,128,Old Friend,785,HG,MP-446,2,0,,,
2024-06-02 19:44:41,128,Old Friend,785,HG,MP-446,2,0,,,
2024-06-02 19:44:55,128,Old Friend,785,MG,FG42,2,0,,,
2024-06-02 19:46:15,128,Old Friend,786,HG,Gr USPCompact,2,0,,,
2024-06-02 19:46:43,128,Old Friend,786,SMG,IDW,2,0,,,
2024-06-02 19:47:12,128,Old Friend,786,SMG,PPSh-41,2,0,,,
2024-06-02 19:47:41,128,Old Friend,786,HG,MP-446,2,0,,,
2024-06-02 19:48:10,128,Old Friend,786,MG,DP28,2,0,,,
2024-06-02 19:48:26,128,Old Friend,786,HG,PPK,2,0,,,
2024-06-02 19:54:39,128,Old Friend,787,AR,Type63,2,0,,,
2024-06-02 19:55:07,128,Old Friend,787,SMG,Type64,2,0,,,
2024-06-02 19:55:36,128,Old Friend,787,SMG,IDW,2,0,,,
2024-06-02 19:56:05,128,Old Friend,787,HG,Gr USPCompact,2,0,,,
2024-06-02 19:56:33,128,Old Friend,787,AR,Type63,2,0,,,
2024-06-02 19:56:46,128,Old Friend,787,MG,FG42,2,0,,,
2024-06-02 19:59:01,128,Old Friend,788,MG,DP28,2,0,,,
2024-06-02 19:59:28,128,Old Friend,788,SMG,IDW,2,0,,,
2024-06-02 19:59:54,128,Old Friend,788,AR,L85A1,2,0,,,
2024-06-02 20:00:22,128,Old Friend,788,RF,VM59,2,0,,,
2024-06-02 20:00:48,128,Old Friend,788,SMG,IDW,2,0,,,
2024-06-02 20:01:03,128,Old Friend,788,SMG,m45,2,0,,,
2024-06-02 20:02:47,128,Old Friend,789,AR,L85A1,2,0,,,
2024-06-02 20:03:15,128,Old Friend,789,HG,MP-446,2,0,,,
2024-06-02 20:03:43,128,Old Friend,789,RF,VM59,2,0,,,
2024-06-02 20:04:12,128,Old Friend,789,HG,M1895,2,0,,,
2024-06-02 20:04:27,128,Old Friend,789,HG,M1895,2,0,,,
2024-06-02 20:17:57,128,Old Friend,790,AR,SIG-510,2,0,,,
2024-06-02 20:18:27,128,Old Friend,790,SMG,Type64,2,0,,,
2024-06-02 20:18:56,128,Old Friend,790,SMG,m45,2,0,,,
2024-06-02 20:19:27,128,Old Friend,790,SMG,m45,2,0,,,
2024-06-02 20:19:44,128,Old Friend,790,SMG,MP40,2,0,,,
2024-06-02 20:21:56,128,Old Friend,791,SMG,Type64,2,0,,,
2024-06-02 20:22:23,128,Old Friend,791,SMG,m45,2,0,,,
2024-06-02 20:22:49,128,Old Friend,791,RF,G43,2,0,,,
2024-06-02 20:23:18,128,Old Friend,791,AR,SIG-510,2,0,,,
2024-06-02 20:23:48,128,Old Friend,791,AR,SIG-510,2,0,,,
2024-06-02 20:24:07,128,Old Friend,791,RF,G43,2,0,,,
2024-06-02 20:26:30,128,Old Friend,792,AR,L85A1,2,0,,,
2024-06-02 20:26:54,128,Old Friend,792,HG,M9,3,1,,,
2024-06-02 20:27:16,128,Old Friend,792,RF,SVT-38,2,0,,,
2024-06-02 20:27:40,128,Old Friend,792,SMG,MP40,2,0,,,
2024-06-02 20:27:49,128,Old Friend,792,SMG,Type64,2,0,,,
2024-06-02 20:28:59,128,Old Friend,793,SMG,MP40,2,0,,,
2024-06-02 20:29:25,128,Old Friend,793,AR,Type63,2,0,,,
2024-06-02 20:30:15,128,Old Friend,793,AR,StG44,3,1,,,
2024-06-02 20:30:44,128,Old Friend,793,AR,SIG-510,2,0,,,
2024-06-02 20:30:53,128,Old Friend,793,AR,Type63,2,0,,,
2024-06-02 20:33:54,128,Old Friend,794,SMG,IDW,2,0,,,
2024-06-02 20:34:21,128,Old Friend,794,MG,FG42,2,0,,,
2024-06-02 20:34:42,128,Old Friend,794,RF,G43,2,0,,,
2024-06-02 20:35:10,128,Old Friend,794,RF,VM59,2,0,,,
2024-06-02 20:35:34,128,Old Friend,794,MG,FG42,2,0,,,
2024-06-02 20:35:48,128,Old Friend,794,MG,DP28,2,0,,,
2024-06-02 20:38:14,128,Old Friend,795,AR,Type63,2,0,,,
2024-06-02 20:38:42,128,Old Friend,795,MG,DP28,2,0,,,
2024-06-02 20:39:09,128,Old Friend,795,MG,DP28,2,0,,,
2024-06-02 20:39:37,128,Old Friend,795,SMG,Type64,2,0,,,
2024-06-02 20:39:53,128,Old Friend,795,SMG,m45,2,0,,,
2024-06-02 20:41:20,128,Old Friend,796,MG,DP28,2,0,,,
2024-06-02 20:41:48,128,Old Friend,796,AR,Type63,2,0,,,
2024-06-02 20:42:16,128,Old Friend,796,MG,Bren,3,1,,,
2024-06-02 20:42:45,128,Old Friend,796,HG,Gr USPCompact,2,0,,,
2024-06-02 20:43:16,128,Old Friend,796,AR,L85A1,2,0,,,
2024-06-02 20:43:32,128,Old Friend,796,SMG,MP40,2,0,,,
2024-06-02 20:52:42,128,Old Friend,797,SMG,STEN MkⅡ,3,1,,,
2024-06-02 20:53:08,128,Old Friend,797,HG,PPK,2,0,,,
2024-06-02 20:53:37,128,Old Friend,797,RF,VM59,2,0,,,
2024-06-02 20:54:01,128,Old Friend,797,SMG,PPSh-41,2,0,,,
2024-06-02 20:54:16,128,Old Friend,797,MG,DP28,2,0,,,
2024-06-02 20:56:01,128,Old Friend,798,SMG,PPS-43,3,1,,,
2024-06-02 20:56:29,128,Old Friend,798,SMG,MP40,2,0,,,
2024-06-02 20:57:00,128,Old Friend,798,AR,StG44,3,1,,,
2024-06-02 20:57:29,128,Old Friend,798,SMG,m45,2,0,,,
2024-06-02 20:58:02,128,Old Friend,798,HG,PPK,2,0,,,
2024-06-02 20:58:21,128,Old Friend,798,RF,SVT-38,2,0,,,
2024-06-02 20:59:49,128,Old Friend,799,AR,OTs-12,3,1,,,
2024-06-02 21:00:18,128,Old Friend,799,SMG,Type64,2,0,,,
2024-06-02 21:01:15,128,Old Friend,799,HG,MP-446,2,0,,,
2024-06-02 21:01:49,128,Old Friend,799,MG,FG42,2,0,,,
2024-06-02 21:02:06,128,Old Friend,799,SMG,m45,2,0,,,
2024-06-02 21:06:46,128,Old Friend,800,AR,SIG-510,2,0,,,
2024-06-02 21:07:14,128,Old Friend,800,SMG,PPSh-41,2,0,,,
2024-06-02 21:07:42,128,Old Friend,800,RF,SV-98,3,1,,,
2024-06-02 21:08:11,128,Old Friend,800,HG,Gr USPCompact,2,0,,,
2024-06-02 21:08:28,128,Old Friend,800,AR,SIG-510,2,0,,,
2024-06-02 21:11:09,128,Old Friend,801,HG,Gr USPCompact,2,0,,,
2024-06-02 21:11:36,128,Old Friend,801,MG,DP28,2,0,,,
2024-06-02 21:12:09,128,Old Friend,801,RF,G43,2,0,,,
2024-06-02 21:12:37,128,Old Friend,801,AR,Type63,2,0,,,
2024-06-02 21:13:06,128,Old Friend,801,MG,DP28,2,0,,,
2024-06-02 21:13:22,128,Old Friend,801,MG,M1919A4,3,1,,,
2024-06-02 21:16:34,128,Old Friend,802,AR,OTs-12,3,1,,,
2024-06-02 21:17:01,128,Old Friend,802,HG,M1895,2,0,,,
2024-06-02 21:17:54,128,Old Friend,802,HG,PPK,2,0,,,
2024-06-02 21:18:22,128,Old Friend,802,SMG,MP40,2,0,,,
2024-06-02 21:18:38,128,Old Friend,802,SMG,PPSh-41,2,0,,,
2024-06-02 21:43:22,128,Old Friend,803,HG,Gr USPCompact,2,0,,,
2024-06-02 21:43:50,128,Old Friend,803,MG,FG42,2,0,,,
2024-06-02 21:44:41,128,Old Friend,803,SMG,MP40,2,0,,,
2024-06-02 21:45:10,128,Old Friend,803,SMG,PPSh-41,2,0,,,
2024-06-02 21:45:26,128,Old Friend,803,MG,DP28,2,0,,,
2024-06-02 21:56:30,128,Old Friend,804,HG,M1895,2,0,,,
2024-06-02 21:57:00,128,Old Friend,804,SMG,Type64,2,0,,,
2024-06-02 21:57:29,128,Old Friend,804,AR,Type63,2,0,,,
2024-06-02 21:58:00,128,Old Friend,804,MG,DP28,2,0,,,
2024-06-02 21:58:29,128,Old Friend,804,AR,L85A1,2,0,,,
2024-06-02 21:58:46,128,Old Friend,804,RF,SVT-38,2,0,,,
2024-06-02 23:17:37,128,Old Friend,805,RF,SV-98,3,1,,,
2024-06-02 23:18:01,128,Old Friend,805,SMG,PPSh-41,2,0,,,
2024-06-02 23:18:30,128,Old Friend,805,HG,Gr USPCompact,2,0,,,
2024-06-02 23:19:08,128,Old Friend,805,SMG,Type64,2,0,,,
2024-06-02 23:19:39,128,Old Friend,805,AR,L85A1,2,0,,,
2024-06-02 23:19:50,128,Old Friend,805,HG,P08,3,1,,,
2024-06-02 23:24:47,128,Old Friend,806,RF,M1 Garand,3,1,,,
2024-06-02 23:25:14,128,Old Friend,806,RF,VM59,2,0,,,
2024-06-02 23:25:41,128,Old Friend,806,SMG,IDW,2,0,,,
2024-06-02 23:26:09,128,Old Friend,806,SMG,m45,2,0,,,
2024-06-02 23:26:28,128,Old Friend,806,MG,DP28,2,0,,,
2024-06-03 00:00:20,500983,Merchant's Pass - X,2,SMG,M38,2,0,,,
2024-06-03 00:01:09,500983,Merchant's Pass - X,2,HG,FF FNP9,2,0,,,
2024-06-03 00:01:42,500983,Merchant's Pass - X,2,AR,Galil,2,0,,,
2024-06-03 00:01:42,500983,Merchant's Pass - X,2,SMG,MP40,2,0,,,
2024-06-03 00:05:41,500888,Radiation Zone - VI,1,SMG,PP-2000,2,0,,,
2024-06-03 00:06:17,500888,Radiation Zone - VI,1,RF,FF FN49,2,0,,,
2024-06-03 00:06:17,500888,Radiation Zone - VI,1,SMG,Type64,2,0,,,
2024-06-03 14:42:57,128,Old Friend,807,SMG,IDW,2,0,,,
2024-06-03 14:43:26,128,Old Friend,807,HG,Gr USPCompact,2,0,,,
2024-06-03 14:44:18,128,Old Friend,807,SMG,Type64,2,0,,,
2024-06-03 14:44:47,128,Old Friend,807,HG,Type92,3,1,,,
2024-06-03 14:45:02,128,Old Friend,807,SMG,MP40,2,0,,,
2024-06-03 14:46:53,128,Old Friend,808,AR,SIG-510,2,0,,,
2024-06-03 14:47:21,128,Old Friend,808,SMG,Type64,2,0,,,
2024-06-03 14:47:43,128,Old Friend,808,HG,PPK,2,0,,,
2024-06-03 14:48:08,128,Old Friend,808,SMG,m45,2,0,,,
2024-06-03 14:48:18,128,Old Friend,808,AR,SIG-510,2,0,,,
2024-06-03 18:36:55,500941,Radiation Zone - VI,4,MG,MG34,2,0,,,
2024-06-03 18:39:04,500941,Radiation Zone - VI,4,SMG,M3,2,0,,,
2024-06-03 18:39:36,500941,Radiation Zone - VI,4,AR,StG44,3,1,,,
2024-06-03 18:40:25,500831,Ruins of the Earth Alter - III,5,HG,M1911,2,0,,,
2024-06-03 18:41:25,500831,Ruins of the Earth Alter - III,5,SMG,PP-2000,2,0,,,
2024-06-03 18:42:59,500831,Ruins of the Earth Alter - III,5,HG,P38,2,0,,,
2024-06-03 18:42:59,500831,Ruins of the Earth Alter - III,5,HG,HS2000,5,5,,,
2024-06-03 18:43:50,500851,Sanctum of Totems - III,2,HG,P38,2,0,,,
2024-06-03 18:45:20,500851,Sanctum of Totems - III,2,SMG,M3,2,0,,,
2024-06-03 18:46:23,500851,Sanctum of Totems - III,2,MG,MG34,2,0,,,
2024-06-03 18:47:15,500851,Sanctum of Totems - III,2,MG,AAT-52,2,0,,,
2024-06-03 18:47:15,500851,Sanctum of Totems - III,2,SMG,PPSh-41,2,0,,,
2024-06-03 18:48:12,500946,Radiation Zone - VI,3,AR,FF F2000,2,0,,,
2024-06-03 18:48:51,500946,Radiation Zone - VI,3,MG,LWMMG,2,0,,,
2024-06-03 18:50:44,500946,Radiation Zone - VI,3,HG,P38,2,0,,,
2024-06-03 18:51:16,500946,Radiation Zone - VI,3,SMG,PP-2000,2,0,,,
2024-06-03 18:51:16,500946,Radiation Zone - VI,3,RF,FF FN49,2,0,,,
2024-06-03 22:18:50,500897,Radiation Zone - VI,2,HG,FF FNP9,2,0,,,
2024-06-03 22:19:55,500897,Radiation Zone - VI,2,SMG,Type64,2,0,,,
2024-06-03 22:21:34,500897,Radiation Zone - VI,2,HG,M1911,2,0,,,
2024-06-03 22:26:42,500957,Doll Duplication Plant - V,2,HG,Bren Ten,2,0,,,
2024-06-03 22:27:25,500957,Doll Duplication Plant - V,2,SMG,Type64,2,0,,,
2024-06-03 22:30:38,500924,Sanctum of Totems - III,1,MG,AAT-52,2,0,,,
2024-06-03 22:33:31,500924,Sanctum of Totems - III,1,HG,P38,2,0,,,
2024-06-03 22:33:31,500924,Sanctum of Totems - III,1,MG,DP28,2,0,,,
2024-06-03 22:39:27,500999,Doll Duplication Plant - V,3,HG,P38,2,0,,,
2024-06-03 22:40:44,500999,Doll Duplication Plant - V,3,MG,AAT-52,2,0,,,
2024-06-03 22:40:44,500999,Doll Duplication Plant - V,3,HG,Bren Ten,2,0,,,
2024-06-03 23:16:32,530161,Final Storage Place,1,SMG,M38,2,0,,,
2024-06-03 23:21:13,530161,Final Storage Place,1,SMG,PPSh-41,2,0,,,
2024-06-04 00:28:41,11506,Stolen Dreams,1,SMG,MP40,2,0,,,
2024-06-04 00:33:49,11506,Stolen Dreams,1,SMG,m45,2,0,,,
2024-06-04 00:34:47,11506,Stolen Dreams,1,AR,L85A1,2,0,,,
2024-06-04 00:35:33,11506,Stolen Dreams,1,RF,G43,2,0,,,
2024-06-04 00:35:33,11506,Stolen Dreams,1,RF,G43,2,0,,,
2024-06-04 01:01:40,11518,Ceaseless Mockery EX,102,SMG,Type64,2,0,,,
2024-06-04 01:02:19,11518,Ceaseless Mockery EX,102,SMG,Type64,2,0,,,
2024-06-04 01:02:55,11518,Ceaseless Mockery EX,102,AR,Gr G3,2,0,,,
2024-06-04 01:03:31,11518,Ceaseless Mockery EX,102,MG,MG34,2,0,,,
2024-06-04 01:03:31,11518,Ceaseless Mockery EX,102,SMG,Ingram,3,1,,,
2024-06-04 01:06:35,11518,Ceaseless Mockery EX,103,HG,P38,2,0,,,
2024-06-04 01:07:17,11518,Ceaseless Mockery EX,103,SMG,Type64,2,0,,,
2024-06-04 01:07:54,11518,Ceaseless Mockery EX,103,HG,Bren Ten,2,0,,,
2024-06-04 01:08:33,11518,Ceaseless Mockery EX,103,AR,FF F2000,2,0,,,
2024-06-04 01:08:33,11518,Ceaseless Mockery EX,103,SMG,PP-2000,2,0,,,
2024-06-04 01:59:55,11518,Ceaseless Mockery EX,104,HG,Makarov,3,1,,,
2024-06-04 02:01:17,11518,Ceaseless Mockery EX,104,SMG,Spectre M4,2,0,,,
2024-06-04 02:02:10,11518,Ceaseless Mockery EX,104,HG,Bren Ten,2,0,,,
2024-06-04 02:03:09,11518,Ceaseless Mockery EX,104,AR,Galil,2,0,,,
2024-06-04 02:03:09,11518,Ceaseless Mockery EX,104,MG,AAT-52,2,0,,,
2024-06-04 02:09:26,11518,Ceaseless Mockery EX,105,AR,Galil,2,0,,,
2024-06-04 02:10:58,11518,Ceaseless Mockery EX,105,AR,FF FNC,3,1,,,
2024-06-04 02:12:02,11518,Ceaseless Mockery EX,105,SMG,PP-2000,2,0,,,
2024-06-04 02:12:39,11518,Ceaseless Mockery EX,105,SMG,Spectre M4,2,0,,,
2024-06-04 02:12:39,11518,Ceaseless Mockery EX,105,MG,AAT-52,2,0,,,
2024-06-04 02:14:34,11518,Ceaseless Mockery EX,106,RF,FF FN49,2,0,,,
2024-06-04 02:15:13,11518,Ceaseless Mockery EX,106,RF,M14,3,1,,,
2024-06-04 02:15:56,11518,Ceaseless Mockery EX,106,SMG,PP-2000,2,0,,,
2024-06-04 02:16:36,11518,Ceaseless Mockery EX,106,HG,Bren Ten,2,0,,,
2024-06-04 02:16:36,11518,Ceaseless Mockery EX,106,RF,SKS,2,0,,,
2024-06-04 02:18:19,11518,Ceaseless Mockery EX,107,HG,C96,3,1,,,
2024-06-04 02:18:58,11518,Ceaseless Mockery EX,107,SMG,Type64,2,0,,,
2024-06-04 02:19:35,11518,Ceaseless Mockery EX,107,SMG,UMP45,4,3,,,
2024-06-04 02:20:15,11518,Ceaseless Mockery EX,107,AR,Galil,2,0,,,
2024-06-04 02:20:15,11518,Ceaseless Mockery EX,107,HG,FF FNP9,2,0,,,
2024-06-04 02:22:12,11518,Ceaseless Mockery EX,108,HG,M1911,2,0,,,
2024-06-04 02:22:54,11518,Ceaseless Mockery EX,108,MG,MG34,2,0,,,
2024-06-04 02:23:36,11518,Ceaseless Mockery EX,108,RF,SKS,2,0,,,
2024-06-04 02:24:16,11518,Ceaseless Mockery EX,108,AR,Galil,2,0,,,
2024-06-04 02:24:16,11518,Ceaseless Mockery EX,108,HG,Bren Ten,2,0,,,
2024-06-04 02:25:34,11518,Ceaseless Mockery EX,109,SMG,PP-2000,2,0,,,
2024-06-04 02:26:14,11518,Ceaseless Mockery EX,109,RF,FF FN49,2,0,,,
2024-06-04 02:26:54,11518,Ceaseless Mockery EX,109,RF,FF FN49,2,0,,,
2024-06-04 02:27:37,11518,Ceaseless Mockery EX,109,RF,SKS,2,0,,,
2024-06-04 02:27:37,11518,Ceaseless Mockery EX,109,HG,M1911,2,0,,,
2024-06-04 02:29:06,11518,Ceaseless Mockery EX,110,AR,Galil,2,0,,,
2024-06-04 02:29:47,11518,Ceaseless Mockery EX,110,SMG,Ingram,3,1,,,
2024-06-04 02:30:31,11518,Ceaseless Mockery EX,110,MG,AAT-52,2,0,,,
2024-06-04 02:31:13,11518,Ceaseless Mockery EX,110,HG,P290,4,3,,,
2024-06-04 02:31:13,11518,Ceaseless Mockery EX,110,HG,Makarov,3,1,,,
2024-06-04 12:16:10,500831,Ruins of the Earth Alter - III,6,HG,Bren Ten,2,0,,,
2024-06-04 12:17:20,500831,Ruins of the Earth Alter - III,6,HG,FF FNP9,2,0,,,
2024-06-04 12:17:55,500831,Ruins of the Earth Alter - III,6,HG,M1895,2,0,,,
2024-06-04 13:55:52,500931,Radiation Zone - VI,5,HG,P38,2,0,,,
2024-06-04 13:57:22,500931,Radiation Zone - VI,5,SMG,M38,2,0,,,
2024-06-04 13:57:57,500931,Radiation Zone - VI,5,SMG,PP-2000,2,0,,,
2024-06-04 13:58:31,500931,Radiation Zone - VI,5,SMG,MP40,2,0,,,
2024-06-04 14:02:06,500866,Sanctum of Totems - III,1,AR,FF F2000,2,0,,,
2024-06-04 14:02:40,500866,Sanctum of Totems - III,1,SMG,M38,2,0,,,
2024-06-04 14:03:13,500866,Sanctum of Totems - III,1,AR,FF F2000,2,0,,,
2024-06-04 14:04:44,500866,Sanctum of Totems - III,1,SMG,Type64,2,0,,,
2024-06-04 14:04:44,500866,Sanctum of Totems - III,1,SMG,Type64,2,0,,,
2024-06-04 14:08:12,90001,Petite Courrier I,3,,,,,BM 3-12X40,BM 3-12X40,2
2024-06-04 14:09:43,90001,Petite Courrier I,3,,,,,PEQ-2,PEQ-2,2
